MOMO80II20250107,m4b80ii20250107_139510,CỬA HÀNG XUÂN THUỶ,CỬA HÀNG XUÂN THUỶ,Traditional Market,Phạm Thị Mai Chi,RETAIL,GROCERY,TRADITIONAL MARKET / GROCERY STORE / SPECIALTY STORE,FIXED LOCATION,,04/02/2025,,,,Có mặt bằng,,2
MOMOTX5X20250107,m4btx5x20250107_139400,BÁNH BAO NAM SANH,BÁNH BAO NAM SANH,Street stall,Phạm Thị Mai Chi,FNB,FOOD,COMFORT FOOD / STREET FOOD,MOBILE LOCATION,,04/02/2025,,,,Không có mặt bằng,,2
MOMOSIT520250107,m4bsit520250107_139711,NHA KHOA BẢO NGHI,NHA KHOA BẢO NGHI,Other Retail,Phạm Thị Mai Chi,RETAIL,GROCERY,TRADITIONAL MARKET / GROCERY STORE / SPECIALTY STORE,FIXED LOCATION,,04/02/2025,,,,Có mặt bằng,,2
MOMOPAZQ20250107,m4bpazq20250107_139653,ĐINH VĂN ƯỚC,ĐINH VĂN ƯỚC,Grocery,Phạm Thị Mai Chi,RETAIL,GROCERY,TRADITIONAL MARKET / GROCERY STORE / SPECIALTY STORE,MOBILE LOCATION,,04/02/2025,,,,Không có mặt bằng,,2
MOMORU7720250107,m4bru7720250107_139505,PHỐ TEA & COFFEE,PHỐ TEA & COFFEE,Cafe shop,Phạm Thị Mai Chi,FNB,BEVERAGE,COFFEE,FIXED LOCATION,,04/02/2025,,,,Có mặt bằng,,2
MOMOO4Y520250107,m4bo4y520250107_139452,GIA DỤNG TỔNG HỢP THÀNH TRUNG,GIA DỤNG TỔNG HỢP THÀNH TRUNG,Other Retail,Phạm Thị Mai Chi,RETAIL,GROCERY,TRADITIONAL MARKET / GROCERY STORE / SPECIALTY STORE,FIXED LOCATION,,04/02/2025,,,,Có mặt bằng,,2
MOMOXIXY20250107,m4bxixy20250107_139465,RADIO COFFEE,RADIO COFFEE,Cafe shop,Phạm Thị Mai Chi,FNB,BEVERAGE,COFFEE,MOBILE LOCATION,,04/02/2025,,,,Không có mặt bằng,,2
MOMOFOIG20250107,m4bfoig20250107_139167,NHUNG BÒ,NHUNG BÒ,Street stall,Phạm Thị Mai Chi,FNB,FOOD,COMFORT FOOD / STREET FOOD,MOBILE LOCATION,,04/02/2025,,,,Không có mặt bằng,,2
MOMOGGOP20250107,m4bggop20250107_139431,TIỆM ĐIỆN LƯỢNG,TIỆM ĐIỆN LƯỢNG,Other Retail,Phạm Thị Mai Chi,RETAIL,GROCERY,TRADITIONAL MARKET / GROCERY STORE / SPECIALTY STORE,FIXED LOCATION,,04/02/2025,,,,Có mặt bằng,,2
MOMOIMED20250107,m4bimed20250107_139716,CUA HANG BUN DAU MAN TOM,CUA HANG BUN DAU MAN TOM,Other Retail,Phạm Thị Mai Chi,RETAIL,GROCERY,TRADITIONAL MARKET / GROCERY STORE / SPECIALTY STORE,MOBILE LOCATION,,04/02/2025,,,,Không có mặt bằng,,2
MOMORMI020250108,m4brmi020250108_139719,BÁNH MÌ MOMMY,BÁNH MÌ MOMMY,Fast food,Phạm Thị Mai Chi,FNB,FOOD,FAST FOOD,MOBILE LOCATION,,04/02/2025,,,,Không có mặt bằng,,2
MOMOGWS920250107,m4bgws920250107_139917,GIẶT SẤY MINT,GIẶT SẤY MINT,Barber and Beauty Shops,Phạm Thị Mai Chi,SERVICE,BEAUTY & SPA,CLINIC / SALON,FIXED LOCATION,,04/02/2025,,,,Có mặt bằng,,2
MOMOVIY520250107,m4bviy520250107_139987,XE DIEN THANH BINH,XE DIEN THANH BINH,Phones/Laptop/PC,Phạm Thị Mai Chi,RETAIL,SHOPPING,HOME LIVING / ELECTRONICS,MOBILE LOCATION,,04/02/2025,,,,Không có mặt bằng,,2
MOMOBGUZ20250107,m4bbguz20250107_139993,BẠC LINH ANH,BẠC LINH ANH,Other Retail,Phạm Thị Mai Chi,RETAIL,GROCERY,TRADITIONAL MARKET / GROCERY STORE / SPECIALTY STORE,FIXED LOCATION,,04/02/2025,,,,Có mặt bằng,,2
MOMOAUS020250108,m4baus020250108_140267,TẠP HOÁ VINH CHIẾN,TẠP HOÁ VINH CHIẾN,Traditional Market,Phạm Thị Mai Chi,RETAIL,GROCERY,TRADITIONAL MARKET / GROCERY STORE / SPECIALTY STORE,MOBILE LOCATION,,04/02/2025,,,,Không có mặt bằng,,2
MOMOXXOW20250108,m4bxxow20250108_140010,TRÁI CÂY CÔ THẾ,TRÁI CÂY CÔ THẾ,Street stall,Phạm Thị Mai Chi,FNB,FOOD,COMFORT FOOD / STREET FOOD,MOBILE LOCATION,,04/02/2025,,,,Không có mặt bằng,,2
MOMOLRE520250108,m4blre520250108_139995,THỨC ĂN PHẠM THỊ NGUYỆT,THỨC ĂN PHẠM THỊ NGUYỆT,Street stall,Phạm Thị Mai Chi,FNB,FOOD,COMFORT FOOD / STREET FOOD,MOBILE LOCATION,,04/02/2025,,,,Không có mặt bằng,,2
MOMOJI2220250108,m4bji2220250108_139916,HỦ TIẾU CÔ NHI,HỦ TIẾU CÔ NHI,Street stall,Phạm Thị Mai Chi,FNB,FOOD,COMFORT FOOD / STREET FOOD,MOBILE LOCATION,,04/02/2025,,,,Không có mặt bằng,,2
MOMOKKQM20250108,m4bkkqm20250108_140072,NGUYEN THI DIEM HUONG,NGUYEN THI DIEM HUONG,Street stall,Phạm Thị Mai Chi,FNB,FOOD,COMFORT FOOD / STREET FOOD,MOBILE LOCATION,,04/02/2025,,,,Không có mặt bằng,,2
MOMONW4O20250108,m4bnw4o20250108_140220,CỬA HÀNG THỊT LỢN CHỊ QUYỀN,CỬA HÀNG THỊT LỢN CHỊ QUYỀN,Traditional Market,Phạm Thị Mai Chi,RETAIL,GROCERY,TRADITIONAL MARKET / GROCERY STORE / SPECIALTY STORE,MOBILE LOCATION,,04/02/2025,,,,Không có mặt bằng,,2
MOMO6VA320250108,m4b6va320250108_139967,COFFEE DK,COFFEE DK,Cafe shop,Phạm Thị Mai Chi,FNB,BEVERAGE,COFFEE,FIXED LOCATION,,04/02/2025,,,,Có mặt bằng,,2
MOMO4XUL20250108,m4b4xul20250108_140262,PHAM HAI LUU LAP,PHAM HAI LUU LAP,Street stall,Phạm Thị Mai Chi,FNB,FOOD,COMFORT FOOD / STREET FOOD,MOBILE LOCATION,,04/02/2025,,,,Không có mặt bằng,,2
MOMOK5KJ20250108,m4bk5kj20250108_140312,GIẶC SẤY 68,GIẶC SẤY 68,Laundry,Phạm Thị Mai Chi,SERVICE,HOME & MAINTENANCE,LAUNDRY,FIXED LOCATION,,04/02/2025,,,,Có mặt bằng,,2
MOMOQY9A20250108,m4bqy9a20250108_140190,CỬA HÀNG THỊT LƠN SẠCH - PHẠM THỊ THU HẰNG,CỬA HÀNG THỊT LƠN SẠCH - PHẠM THỊ THU HẰNG,Traditional Market,Phạm Thị Mai Chi,RETAIL,GROCERY,TRADITIONAL MARKET / GROCERY STORE / SPECIALTY STORE,MOBILE LOCATION,,04/02/2025,,,,Không có mặt bằng,,2
MOMOZWPP20250108,m4bzwpp20250108_140017,TÀI CHÍNH ĐỖ CHÍNH,TÀI CHÍNH ĐỖ CHÍNH,Playground,Phạm Thị Mai Chi,SERVICE,ENTERTAINMENT,SPORTS / RECREATION / PLAYGROUND,MOBILE LOCATION,,04/02/2025,,,,Không có mặt bằng,,2
MOMOOL6G20250108,m4bol6g20250108_139825,XÔI MẸ HIỀN,XÔI MẸ HIỀN,Street stall,Phạm Thị Mai Chi,FNB,FOOD,COMFORT FOOD / STREET FOOD,MOBILE LOCATION,,04/02/2025,,,,Không có mặt bằng,,2
MOMOIMOK20250108,m4bimok20250108_139794,CỬA HÀNG TẠP HOÁ CƯỜNG NGUYÊN,CỬA HÀNG TẠP HOÁ CƯỜNG NGUYÊN,Traditional Market,Phạm Thị Mai Chi,RETAIL,GROCERY,TRADITIONAL MARKET / GROCERY STORE / SPECIALTY STORE,MOBILE LOCATION,,04/02/2025,,,,Không có mặt bằng,,2
MOMO9PYZ20250108,m4b9pyz20250108_139973,HỦ TIẾU VÒNG XOAY,HỦ TIẾU VÒNG XOAY,Food shop (Dining),Phạm Thị Mai Chi,FNB,FOOD,COMFORT FOOD / STREET FOOD,MOBILE LOCATION,,04/02/2025,,,,Không có mặt bằng,,2
MOMO9HUK20250104,m4b9huk20250104_140666,PHÒNG KHÁM VĂN MINH,PHÒNG KHÁM VĂN MINH,Spa/Massage,Phạm Thị Mai Chi,SERVICE,BEAUTY & SPA,SPA / MASSAGE,FIXED LOCATION,,04/02/2025,,,,Có mặt bằng,,2
MOMOWM1Y20250107,m4bwm1y20250107_140604,SHOP LẠC VINTAGE,SHOP LẠC VINTAGE,Clothes,Phạm Thị Mai Chi,RETAIL,SHOPPING,FASHION / ACCESSORIES,FIXED LOCATION,,04/02/2025,,,,Có mặt bằng,,2
MOMOI6LA20250109,m4bi6la20250109_140595,TẠP HOÁ NGỌC THU,TẠP HOÁ NGỌC THU,Traditional Market,Phạm Thị Mai Chi,RETAIL,GROCERY,TRADITIONAL MARKET / GROCERY STORE / SPECIALTY STORE,FIXED LOCATION,,04/02/2025,,,,Có mặt bằng,,2
MOMOPQJB20250109,m4bpqjb20250109_140649,SỮA CÔ HIỀN,SỮA CÔ HIỀN,Street stall,Phạm Thị Mai Chi,FNB,FOOD,COMFORT FOOD / STREET FOOD,MOBILE LOCATION,,04/02/2025,,,,Không có mặt bằng,,2
MOMOHR0Y20250109,m4bhr0y20250109_140685,H20 SNEAKER & LABS,H20 SNEAKER & LABS,Other Retail,Phạm Thị Mai Chi,RETAIL,GROCERY,TRADITIONAL MARKET / GROCERY STORE / SPECIALTY STORE,MOBILE LOCATION,,04/02/2025,,,,Không có mặt bằng,,2
MOMOF4HI20250110,m4bf4hi20250110_141361,OH FRUITS 1,OH FRUITS 1,Market,Phạm Thị Mai Chi,RETAIL,GROCERY,TRADITIONAL MARKET / GROCERY STORE / SPECIALTY STORE,FIXED LOCATION,,04/02/2025,,,,Có mặt bằng,,2
MOMODARK20250110,m4bdark20250110_140934,JULY BABY & MOM,JULY BABY & MOM,Other Retail,Phạm Thị Mai Chi,RETAIL,GROCERY,TRADITIONAL MARKET / GROCERY STORE / SPECIALTY STORE,FIXED LOCATION,,04/02/2025,,,,Có mặt bằng,,2
MOMOCYQO20250110,m4bcyqo20250110_141096,CHỊ ĐIỆP,CHỊ ĐIỆP,Street stall,Phạm Thị Mai Chi,FNB,FOOD,COMFORT FOOD / STREET FOOD,MOBILE LOCATION,,04/02/2025,,,,Không có mặt bằng,,2
MOMOXYS020250110,m4bxys020250110_141034,TẠP HOÁ ÁNH HƯƠNG,TẠP HOÁ ÁNH HƯƠNG,Traditional Market,Phạm Thị Mai Chi,RETAIL,GROCERY,TRADITIONAL MARKET / GROCERY STORE / SPECIALTY STORE,FIXED LOCATION,,04/02/2025,,,,Có mặt bằng,,2
MOMO8IZD20250110,m4b8izd20250110_140989,VƯƠNG LASER,VƯƠNG LASER,barber and Beauty Shops,Phạm Thị Mai Chi,SERVICE,BEAUTY & SPA,CLINIC / SALON,FIXED LOCATION,,04/02/2025,,,,Có mặt bằng,,2
MOMOBFZW20250110,m4bbfzw20250110_140973,CỬA HÀNG VẬT TƯ KIM KHÍ LÝ NGHỊ,CỬA HÀNG VẬT TƯ KIM KHÍ LÝ NGHỊ,Traditional Market,Phạm Thị Mai Chi,RETAIL,GROCERY,TRADITIONAL MARKET / GROCERY STORE / SPECIALTY STORE,FIXED LOCATION,,04/02/2025,,,,Có mặt bằng,,2
MOMOYZDL20250110,m4byzdl20250110_141213,CỬA HÀNG TẠP HOÁ THAO THU,CỬA HÀNG TẠP HOÁ THAO THU,Traditional Market,Phạm Thị Mai Chi,RETAIL,GROCERY,TRADITIONAL MARKET / GROCERY STORE / SPECIALTY STORE,FIXED LOCATION,,04/02/2025,,,,Có mặt bằng,,2
MOMOYC9820250110,m4byc9820250110_141104,SH MART,SH MART,Grocery,Phạm Thị Mai Chi,RETAIL,GROCERY,TRADITIONAL MARKET / GROCERY STORE / SPECIALTY STORE,FIXED LOCATION,,04/02/2025,,,,Có mặt bằng,,2
MOMO9ZSK20250110,m4b9zsk20250110_140940,CAFE GARAGE,CAFE GARAGE,Cafe shop,Phạm Thị Mai Chi,FNB,BEVERAGE,COFFEE,FIXED LOCATION,,04/02/2025,,,,Có mặt bằng,,2
MOMO0GNF20250110,m4b0gnf20250110_141057,NƯỚC MÍA CÔ ÚT,NƯỚC MÍA CÔ ÚT,Other Food and Beverage,Phạm Thị Mai Chi,FNB,BEVERAGE,BEVERAGE - OTHER,FIXED LOCATION,,04/02/2025,,,,Có mặt bằng,,2
MOMOXJ8S20250110,m4bxj8s20250110_140950,CƠ SỞ TIỆN - SƠN THÀNH,CƠ SỞ TIỆN - SƠN THÀNH,Auto maintenance,Phạm Thị Mai Chi,SERVICE,HOME & MAINTENANCE,AUTO MAINTENANCE,FIXED LOCATION,,04/02/2025,,,,Có mặt bằng,,2
MOMOVVQI20250110,m4bvvqi20250110_140958,NEWDAYS JAPANESE MATCHA CAFE,NEWDAYS JAPANESE MATCHA CAFE,Cafe shop,Phạm Thị Mai Chi,FNB,BEVERAGE,COFFEE,FIXED LOCATION,,04/02/2025,,,,Có mặt bằng,,2
MOMONAHH20250110,m4bnahh20250110_140967,KIOT COFFE ROBOT VTG,KIOT COFFE ROBOT VTG,Other Retail,Phạm Thị Mai Chi,RETAIL,GROCERY,TRADITIONAL MARKET / GROCERY STORE / SPECIALTY STORE,FIXED LOCATION,,04/02/2025,,,,Có mặt bằng,,2
MOMOSW2W20250110,m4bsw2w20250110_141041,CAFE THƠM,CAFE THƠM,Cafe shop,Phạm Thị Mai Chi,FNB,BEVERAGE,COFFEE,FIXED LOCATION,,04/02/2025,,,,Có mặt bằng,,2
MOMOUOEC20250110,m4buoec20250110_141061,VI TÍNH NGỌC TÚ,VI TÍNH NGỌC TÚ,Phones/Laptop/PC,Phạm Thị Mai Chi,RETAIL,SHOPPING,HOME LIVING / ELECTRONICS,FIXED LOCATION,,04/02/2025,,,,Có mặt bằng,,2
MOMOYV1T20250110,m4byv1t20250110_140936,APPLE QI,APPLE QI,Electronics store,Phạm Thị Mai Chi,RETAIL,SHOPPING,HOME LIVING / ELECTRONICS,MOBILE LOCATION,,04/02/2025,,,,Không có mặt bằng,,2
MOMO8MYV20250110,m4b8myv20250110_141336,TẠP HOÁ CHÚ XUYÊN,TẠP HOÁ CHÚ XUYÊN,Traditional Market,Phạm Thị Mai Chi,RETAIL,GROCERY,TRADITIONAL MARKET / GROCERY STORE / SPECIALTY STORE,FIXED LOCATION,,04/02/2025,,,,Có mặt bằng,,2
MOMOFDR220250110,m4bfdr220250110_141171,TẠP HÓA DUNG DÂN DÃ,TẠP HÓA DUNG DÂN DÃ,Traditional Market,Phạm Thị Mai Chi,RETAIL,GROCERY,TRADITIONAL MARKET / GROCERY STORE / SPECIALTY STORE,FIXED LOCATION,,04/02/2025,,,,Có mặt bằng,,2
MOMOQJYZ20250110,m4bqjyz20250110_141058,CƠM CHIÊN GIA KHANG,CƠM CHIÊN GIA KHANG,Food shop (Dining),Phạm Thị Mai Chi,FNB,FOOD,COMFORT FOOD / STREET FOOD,MOBILE LOCATION,,04/02/2025,,,,Không có mặt bằng,,2
MOMOK1EL20250110,m4bk1el20250110_141122,CỬA HÀNG ANH BA,CỬA HÀNG ANH BA,Traditional Market,Phạm Thị Mai Chi,RETAIL,GROCERY,TRADITIONAL MARKET / GROCERY STORE / SPECIALTY STORE,MOBILE LOCATION,,04/02/2025,,,,Không có mặt bằng,,2
MOMOJADN20250110,m4bjadn20250110_140908,QUẢNG QUYÊN,QUẢNG QUYÊN,Grocery,Phạm Thị Mai Chi,RETAIL,GROCERY,TRADITIONAL MARKET / GROCERY STORE / SPECIALTY STORE,FIXED LOCATION,,04/02/2025,,,,Có mặt bằng,,2
MOMOVW8F20250110,m4bvw8f20250110_140903,CỬA HÀNG PHÚ HUYỀN,CỬA HÀNG PHÚ HUYỀN,Traditional Market,Phạm Thị Mai Chi,RETAIL,GROCERY,TRADITIONAL MARKET / GROCERY STORE / SPECIALTY STORE,MOBILE LOCATION,,04/02/2025,,,,Không có mặt bằng,,2
MOMOKIKJ20250110,m4bkikj20250110_141325,VNPT VINAPHONE PHONG ĐIỀN,VNPT VINAPHONE PHONG ĐIỀN,Phones/Laptop/PC,Phạm Thị Mai Chi,RETAIL,SHOPPING,HOME LIVING / ELECTRONICS,MOBILE LOCATION,,04/02/2025,,,,Không có mặt bằng,,2
MOMOBXPW20250110,m4bbxpw20250110_141035,MOLI - AMAZON,MOLI - AMAZON,Milk tea shop,Phạm Thị Mai Chi,FNB,BEVERAGE,MILK TEA,FIXED LOCATION,,04/02/2025,,,,Có mặt bằng,,2
MOMOP92X20250110,m4bp92x20250110_141069,GIÒ CHẢ - THÚY NGUYỄN,GIÒ CHẢ - THÚY NGUYỄN,Other Retail,Phạm Thị Mai Chi,RETAIL,GROCERY,TRADITIONAL MARKET / GROCERY STORE / SPECIALTY STORE,MOBILE LOCATION,,04/02/2025,,,,Không có mặt bằng,,2
MOMOJHQI20250110,m4bjhqi20250110_140907,CHÂN GÀ SỐT THÁI ÂN,CHÂN GÀ SỐT THÁI ÂN,Street stall,Phạm Thị Mai Chi,FNB,FOOD,COMFORT FOOD / STREET FOOD,MOBILE LOCATION,,04/02/2025,,,,Không có mặt bằng,,2
MOMOEWTW20250110,m4bewtw20250110_141214,TẠP HOÁ VÂN,TẠP HOÁ VÂN,Traditional Market,Phạm Thị Mai Chi,RETAIL,GROCERY,TRADITIONAL MARKET / GROCERY STORE / SPECIALTY STORE,FIXED LOCATION,,04/02/2025,,,,Có mặt bằng,,2
MOMONMWA20250110,m4bnmwa20250110_140901,CHÂN GÀ SỐT THÁI CHỊ GẤM,CHÂN GÀ SỐT THÁI CHỊ GẤM,Street stall,Phạm Thị Mai Chi,FNB,FOOD,COMFORT FOOD / STREET FOOD,MOBILE LOCATION,,04/02/2025,,,,Không có mặt bằng,,2
MOMOLKHS20250110,m4blkhs20250110_140978,CỬA HÀNG THỊT,CỬA HÀNG THỊT,Traditional Market,Phạm Thị Mai Chi,RETAIL,GROCERY,TRADITIONAL MARKET / GROCERY STORE / SPECIALTY STORE,MOBILE LOCATION,,04/02/2025,,,,Không có mặt bằng,,2
MOMORDQX20250110,m4brdqx20250110_141244,TẠP HOÁ THANH NGÂN,TẠP HOÁ THANH NGÂN,Traditional Market,Phạm Thị Mai Chi,RETAIL,GROCERY,TRADITIONAL MARKET / GROCERY STORE / SPECIALTY STORE,MOBILE LOCATION,,04/02/2025,,,,Không có mặt bằng,,2
MOMOXYQ720250110,m4bxyq720250110_140981,CỬA HÀNG TẠP HÓA CHỊ TƯƠI,CỬA HÀNG TẠP HÓA CHỊ TƯƠI,Traditional Market,Phạm Thị Mai Chi,RETAIL,GROCERY,TRADITIONAL MARKET / GROCERY STORE / SPECIALTY STORE,FIXED LOCATION,,04/02/2025,,,,Có mặt bằng,,2
MOMODKZC20250110,m4bdkzc20250110_141055,A MÌ BAKERY,A MÌ BAKERY,Bakery & Confectionery,Phạm Thị Mai Chi,FNB,FOOD,BAKERY / SWEETS,FIXED LOCATION,,04/02/2025,,,,Có mặt bằng,,2
MOMO2BDO20250110,m4b2bdo20250110_141113,LONG 36,LONG 36,Phones/Laptop/PC,Phạm Thị Mai Chi,RETAIL,SHOPPING,HOME LIVING / ELECTRONICS,FIXED LOCATION,,04/02/2025,,,,Có mặt bằng,,2
MOMOLIJW20250110,m4blijw20250110_141307,CỬA HÀNG VỊ NGHI,CỬA HÀNG VỊ NGHI,Traditional Market,Phạm Thị Mai Chi,RETAIL,GROCERY,TRADITIONAL MARKET / GROCERY STORE / SPECIALTY STORE,FIXED LOCATION,,04/02/2025,,,,Có mặt bằng,,2
MOMO9QFF20250110,m4b9qff20250110_141289,TRÀ SỮA JING CHA,TRÀ SỮA JING CHA,Milk tea shop,Phạm Thị Mai Chi,FNB,BEVERAGE,MILK TEA,FIXED LOCATION,,04/02/2025,,,,Có mặt bằng,,2
MOMOWRUB20250110,m4bwrub20250110_141198,SỬA XE ANH HIỆP,SỬA XE ANH HIỆP,Auto maintenance,Phạm Thị Mai Chi,SERVICE,HOME & MAINTENANCE,AUTO MAINTENANCE,MOBILE LOCATION,,04/02/2025,,,,Không có mặt bằng,,2
MOMOQSZ520250110,m4bqsz520250110_141272,BÁNH ĐA QUANG GÁNH,BÁNH ĐA QUANG GÁNH,Other Retail,Phạm Thị Mai Chi,RETAIL,GROCERY,TRADITIONAL MARKET / GROCERY STORE / SPECIALTY STORE,MOBILE LOCATION,,04/02/2025,,,,Không có mặt bằng,,2
MOMOGMWF20250110,m4bgmwf20250110_141120,COFFEE TYTY,COFFEE TYTY,Cafe shop,Phạm Thị Mai Chi,FNB,BEVERAGE,COFFEE,FIXED LOCATION,,04/02/2025,,,,Có mặt bằng,,2
MOMOJODN20250110,m4bjodn20250110_141292,TẠP HOÁ DŨNG HIỀN,TẠP HOÁ DŨNG HIỀN,Traditional Market,Phạm Thị Mai Chi,RETAIL,GROCERY,TRADITIONAL MARKET / GROCERY STORE / SPECIALTY STORE,FIXED LOCATION,,04/02/2025,,,,Có mặt bằng,,2
MOMOUPIG20250110,m4bupig20250110_141066,VNPT VINAPHONE THỚI THUẬN,VNPT VINAPHONE THỚI THUẬN,Phones/Laptop/PC,Phạm Thị Mai Chi,RETAIL,SHOPPING,HOME LIVING / ELECTRONICS,MOBILE LOCATION,,04/02/2025,,,,Không có mặt bằng,,2
MOMOG4E820250111,m4bg4e820250111_141534,VIÊN THỊ NHUNG,VIÊN THỊ NHUNG,Street stall,Phạm Thị Mai Chi,FNB,FOOD,COMFORT FOOD / STREET FOOD,MOBILE LOCATION,,04/02/2025,,,,Không có mặt bằng,,2
MOMOWHHV20250111,m4bwhhv20250111_141461,BÁNH MÌ CÔ BA HÀNG XANH,BÁNH MÌ CÔ BA HÀNG XANH,Fast food,Phạm Thị Mai Chi,FNB,FOOD,FAST FOOD,FIXED LOCATION,,04/02/2025,,,,Có mặt bằng,,2
MOMODOWX20250111,m4bdowx20250111_141367,BÁCH HÓA TRƯỜNG THANH,BÁCH HÓA TRƯỜNG THANH,Grocery,Phạm Thị Mai Chi,RETAIL,GROCERY,TRADITIONAL MARKET / GROCERY STORE / SPECIALTY STORE,FIXED LOCATION,,04/02/2025,,,,Có mặt bằng,,2
MOMOHCEK20250111,m4bhcek20250111_141393,LÝ LỢI THỊT LỢN ĐEN,LÝ LỢI THỊT LỢN ĐEN,Market,Phạm Thị Mai Chi,RETAIL,GROCERY,TRADITIONAL MARKET / GROCERY STORE / SPECIALTY STORE,MOBILE LOCATION,,04/02/2025,,,,Không có mặt bằng,,2
MOMOSAYZ20250111,m4bsayz20250111_141616,NGUYỄN THỊ NHƯ YẾN,NGUYỄN THỊ NHƯ YẾN,Street stall,Phạm Thị Mai Chi,FNB,FOOD,COMFORT FOOD / STREET FOOD,MOBILE LOCATION,,04/02/2025,,,,Không có mặt bằng,,2
MOMOR4PW20250111,m4br4pw20250111_141685,TIỆM BÁNH TRÀ - YẾN NHUNG,TIỆM BÁNH TRÀ - YẾN NHUNG,Other Retail,Phạm Thị Mai Chi,RETAIL,GROCERY,TRADITIONAL MARKET / GROCERY STORE / SPECIALTY STORE,FIXED LOCATION,,04/02/2025,,,,Có mặt bằng,,2
MOMOWVQ020250111,m4bwvq020250111_141391,TẠP HOÁ ÁNH VÂN,TẠP HOÁ ÁNH VÂN,Traditional Market,Phạm Thị Mai Chi,RETAIL,GROCERY,TRADITIONAL MARKET / GROCERY STORE / SPECIALTY STORE,MOBILE LOCATION,,04/02/2025,,,,Không có mặt bằng,,2
MOMO0UXN20250111,m4b0uxn20250111_141517,TẠP HOÁ THU HOÀ,TẠP HOÁ THU HOÀ,Traditional Market,Phạm Thị Mai Chi,RETAIL,GROCERY,TRADITIONAL MARKET / GROCERY STORE / SPECIALTY STORE,FIXED LOCATION,,04/02/2025,,,,Có mặt bằng,,2
MOMOHAMS20250111,m4bhams20250111_141557,CHỊ NGỌC HOA QUẢ,CHỊ NGỌC HOA QUẢ,Traditional Market,Phạm Thị Mai Chi,RETAIL,GROCERY,TRADITIONAL MARKET / GROCERY STORE / SPECIALTY STORE,MOBILE LOCATION,,04/02/2025,,,,Không có mặt bằng,,2
MOMO0T3320250111,m4b0t3320250111_141692,TIỆM THUỐC TÂY NGỌC DIỄM,TIỆM THUỐC TÂY NGỌC DIỄM,Hospital Equiment,Phạm Thị Mai Chi,RETAIL,SHOPPING,HEALTH AND BEAUTY / DRUGSTORE,FIXED LOCATION,,04/02/2025,,,,Có mặt bằng,,2
MOMOJ82D20250111,m4bj82d20250111_141384,THỊT HEO HƯNG NHUNG,THỊT HEO HƯNG NHUNG,Market,Phạm Thị Mai Chi,RETAIL,GROCERY,TRADITIONAL MARKET / GROCERY STORE / SPECIALTY STORE,FIXED LOCATION,,04/02/2025,,,,Có mặt bằng,,2
MOMOX1DQ20250111,m4bx1dq20250111_141414,TA DINK - PICKLEBALL,TA DINK - PICKLEBALL,Playground,Phạm Thị Mai Chi,SERVICE,ENTERTAINMENT,SPORTS / RECREATION / PLAYGROUND,MOBILE LOCATION,,04/02/2025,,,,Không có mặt bằng,,2
MOMO5AJD20250111,m4b5ajd20250111_141411,SẠP THỊT LỢN THẮM TRẦN,SẠP THỊT LỢN THẮM TRẦN,Traditional Market,Phạm Thị Mai Chi,RETAIL,GROCERY,TRADITIONAL MARKET / GROCERY STORE / SPECIALTY STORE,MOBILE LOCATION,,04/02/2025,,,,Không có mặt bằng,,2
MOMOIGWF20250111,m4bigwf20250111_141581,RAU CỦ QUẢ THU QUỲNH,RAU CỦ QUẢ THU QUỲNH,Traditional Market,Phạm Thị Mai Chi,RETAIL,GROCERY,TRADITIONAL MARKET / GROCERY STORE / SPECIALTY STORE,MOBILE LOCATION,,04/02/2025,,,,Không có mặt bằng,,2
MOMO7MVB20250111,m4b7mvb20250111_141484,SIÊU THỊ KAZOKU,SIÊU THỊ KAZOKU,Grocery,Phạm Thị Mai Chi,RETAIL,GROCERY,TRADITIONAL MARKET / GROCERY STORE / SPECIALTY STORE,FIXED LOCATION,,04/02/2025,,,,Có mặt bằng,,2
MOMOK0Y720250111,m4bk0y720250111_141490,HOA TƯƠI HUYỀN NGA,HOA TƯƠI HUYỀN NGA,Traditional Market,Phạm Thị Mai Chi,RETAIL,GROCERY,TRADITIONAL MARKET / GROCERY STORE / SPECIALTY STORE,FIXED LOCATION,,04/02/2025,,,,Có mặt bằng,,2
MOMOX2FN20250111,m4bx2fn20250111_141555,TRUNG BÉO FOOD,TRUNG BÉO FOOD,Street stall,Phạm Thị Mai Chi,FNB,FOOD,COMFORT FOOD / STREET FOOD,MOBILE LOCATION,,04/02/2025,,,,Không có mặt bằng,,2
MOMO2CZU20250111,m4b2czu20250111_141628,NƯỚC ĐÁ TÀI,NƯỚC ĐÁ TÀI,Grocery,Phạm Thị Mai Chi,RETAIL,GROCERY,TRADITIONAL MARKET / GROCERY STORE / SPECIALTY STORE,MOBILE LOCATION,,04/02/2025,,,,Không có mặt bằng,,2
MOMO2WOY20250111,m4b2woy20250111_141491,QUÁN THỊT LỢN ĐỆ BẠO,QUÁN THỊT LỢN ĐỆ BẠO,Market,Phạm Thị Mai Chi,RETAIL,GROCERY,TRADITIONAL MARKET / GROCERY STORE / SPECIALTY STORE,MOBILE LOCATION,,04/02/2025,,,,Không có mặt bằng,,2
MOMOJSCL20250111,m4bjscl20250111_141495,NHÀ HÀNG THỊT CHÓ NGỌC KHẨN,NHÀ HÀNG THỊT CHÓ NGỌC KHẨN,Market,Phạm Thị Mai Chi,RETAIL,GROCERY,TRADITIONAL MARKET / GROCERY STORE / SPECIALTY STORE,MOBILE LOCATION,,04/02/2025,,,,Không có mặt bằng,,2
MOMOJ1RG20250111,m4bj1rg20250111_141691,TẠP HOÁ CÔ PHƯƠNG,TẠP HOÁ CÔ PHƯƠNG,Traditional Market,Phạm Thị Mai Chi,RETAIL,GROCERY,TRADITIONAL MARKET / GROCERY STORE / SPECIALTY STORE,FIXED LOCATION,,04/02/2025,,,,Có mặt bằng,,2
MOMOLRUB20250111,m4blrub20250111_141644,LÒNG NGON CÔ LAN,LÒNG NGON CÔ LAN,Street stall,Phạm Thị Mai Chi,FNB,FOOD,COMFORT FOOD / STREET FOOD,FIXED LOCATION,,04/02/2025,,,,Có mặt bằng,,2
MOMOWFRO20250111,m4bwfro20250111_141502,ĂN VẶT CÔ ÁNH,ĂN VẶT CÔ ÁNH,Other Retail,Phạm Thị Mai Chi,RETAIL,GROCERY,TRADITIONAL MARKET / GROCERY STORE / SPECIALTY STORE,MOBILE LOCATION,,04/02/2025,,,,Không có mặt bằng,,2
MOMOEGD020250111,m4begd020250111_141446,VẦN NGUYỆN,VẦN NGUYỆN,Other Retail,Phạm Thị Mai Chi,RETAIL,GROCERY,TRADITIONAL MARKET / GROCERY STORE / SPECIALTY STORE,MOBILE LOCATION,,04/02/2025,,,,Không có mặt bằng,,2
MOMOOVRV20250111,m4bovrv20250111_141388,HỒNG NHUNG COSMETICS,HỒNG NHUNG COSMETICS,Other Retail,Phạm Thị Mai Chi,RETAIL,GROCERY,TRADITIONAL MARKET / GROCERY STORE / SPECIALTY STORE,FIXED LOCATION,,04/02/2025,,,,Có mặt bằng,,2
MOMOZNOM20250111,m4bznom20250111_141438,QUÁN CÀ PHÊ - VINH NGUYỄN,QUÁN CÀ PHÊ - VINH NGUYỄN,Cafe shop,Phạm Thị Mai Chi,FNB,BEVERAGE,COFFEE,FIXED LOCATION,,04/02/2025,,,,Có mặt bằng,,2
MOMO4VIC20250111,m4b4vic20250111_141572,CÔ MẬM QUÁN,CÔ MẬM QUÁN,Other Retail,Phạm Thị Mai Chi,RETAIL,GROCERY,TRADITIONAL MARKET / GROCERY STORE / SPECIALTY STORE,FIXED LOCATION,,04/02/2025,,,,Có mặt bằng,,2
MOMOZLE320250111,m4bzle320250111_141541,CÀ PHÊ PHA MÁY PHÁT ĐẠT,CÀ PHÊ PHA MÁY PHÁT ĐẠT,Cafe shop,Phạm Thị Mai Chi,FNB,BEVERAGE,COFFEE,MOBILE LOCATION,,04/02/2025,,,,Không có mặt bằng,,2
MOMOZV0O20250111,m4bzv0o20250111_141627,HẢO LOAN MART,HẢO LOAN MART,Grocery,Phạm Thị Mai Chi,RETAIL,GROCERY,TRADITIONAL MARKET / GROCERY STORE / SPECIALTY STORE,FIXED LOCATION,,04/02/2025,,,,Có mặt bằng,,2
MOMOUWTZ20250111,m4buwtz20250111_141688,BÚN THẮNG HUYỀN,BÚN THẮNG HUYỀN,Market,Phạm Thị Mai Chi,RETAIL,GROCERY,TRADITIONAL MARKET / GROCERY STORE / SPECIALTY STORE,MOBILE LOCATION,,04/02/2025,,,,Không có mặt bằng,,2
MOMOJXFJ20250111,m4bjxfj20250111_141582,THẾ GIỚI PHỤ KIỆN,THẾ GIỚI PHỤ KIỆN,Other Retail,Phạm Thị Mai Chi,RETAIL,GROCERY,TRADITIONAL MARKET / GROCERY STORE / SPECIALTY STORE,FIXED LOCATION,,04/02/2025,,,,Có mặt bằng,,2
MOMO2IKJ20250111,m4b2ikj20250111_141701,TÓC THÁI HOÀ,TÓC THÁI HOÀ,Barber and Beauty Shops,Phạm Thị Mai Chi,SERVICE,BEAUTY & SPA,CLINIC / SALON,MOBILE LOCATION,,04/02/2025,,,,Không có mặt bằng,,2
MOMOIDH920250111,m4bidh920250111_141612,CỬA HÀNG THỊT LỢN HIẾN DƯ,CỬA HÀNG THỊT LỢN HIẾN DƯ,Traditional Market,Phạm Thị Mai Chi,RETAIL,GROCERY,TRADITIONAL MARKET / GROCERY STORE / SPECIALTY STORE,MOBILE LOCATION,,04/02/2025,,,,Không có mặt bằng,,2
MOMO0JVA20250111,m4b0jva20250111_141649,OLA DRINK & FOOD CN1,OLA DRINK & FOOD CN1,Street stall,Phạm Thị Mai Chi,FNB,FOOD,COMFORT FOOD / STREET FOOD,MOBILE LOCATION,,04/02/2025,,,,Không có mặt bằng,,2
MOMOEZDH20250111,m4bezdh20250111_141372,XÔI GÀ CÔ 8,XÔI GÀ CÔ 8,Street stall,Phạm Thị Mai Chi,FNB,FOOD,COMFORT FOOD / STREET FOOD,MOBILE LOCATION,,04/02/2025,,,,Không có mặt bằng,,2
MOMORIQY20250111,m4briqy20250111_141510,ANH VŨ MOBILE,ANH VŨ MOBILE,Phones/Laptop/PC,Phạm Thị Mai Chi,RETAIL,SHOPPING,HOME LIVING / ELECTRONICS,MOBILE LOCATION,,04/02/2025,,,,Không có mặt bằng,,2
MOMONYBL20250111,m4bnybl20250111_141594,KHO THOAN DIỆP,KHO THOAN DIỆP,Other Retail,Phạm Thị Mai Chi,RETAIL,GROCERY,TRADITIONAL MARKET / GROCERY STORE / SPECIALTY STORE,FIXED LOCATION,,04/02/2025,,,,Có mặt bằng,,2
MOMOENKN20250111,m4benkn20250111_141668,CHUỐI CHIÊN CÔ THẢO,CHUỐI CHIÊN CÔ THẢO,Street stall,Phạm Thị Mai Chi,FNB,FOOD,COMFORT FOOD / STREET FOOD,MOBILE LOCATION,,04/02/2025,,,,Không có mặt bằng,,2
MOMOSWPM20250111,m4bswpm20250111_141463,TẠP HOÁ PHƯƠNG LINH,TẠP HOÁ PHƯƠNG LINH,Traditional Market,Phạm Thị Mai Chi,RETAIL,GROCERY,TRADITIONAL MARKET / GROCERY STORE / SPECIALTY STORE,FIXED LOCATION,,04/02/2025,,,,Có mặt bằng,,2
MOMOEYCB20250111,m4beycb20250111_141389,MOTEL LOVE,MOTEL LOVE,Playground,Phạm Thị Mai Chi,SERVICE,ENTERTAINMENT,SPORTS / RECREATION / PLAYGROUND,FIXED LOCATION,,04/02/2025,,,,Có mặt bằng,,2
MOMOBGXI20250111,m4bbgxi20250111_141529,TULI SPA,TULI SPA,Spa/Massage,Phạm Thị Mai Chi,SERVICE,BEAUTY & SPA,SPA / MASSAGE,FIXED LOCATION,,04/02/2025,,,,Có mặt bằng,,2
MOMO3QDC20250111,m4b3qdc20250111_141460,THỜI TRANG LONG THUỶ,THỜI TRANG LONG THUỶ,Clothes,Phạm Thị Mai Chi,RETAIL,SHOPPING,FASHION / ACCESSORIES,FIXED LOCATION,,04/02/2025,,,,Có mặt bằng,,2
MOMOLJU520250111,m4blju520250111_141432,TẠP HOÁ TUYNH THOÁN,TẠP HOÁ TUYNH THOÁN,Traditional Market,Phạm Thị Mai Chi,RETAIL,GROCERY,TRADITIONAL MARKET / GROCERY STORE / SPECIALTY STORE,FIXED LOCATION,,04/02/2025,,,,Có mặt bằng,,2
MOMO7KLN20250111,m4b7kln20250111_141543,NGUYỄN THỊ NGỌC THUÝ,NGUYỄN THỊ NGỌC THUÝ,Street stall,Phạm Thị Mai Chi,FNB,FOOD,COMFORT FOOD / STREET FOOD,MOBILE LOCATION,,04/02/2025,,,,Không có mặt bằng,,2
MOMO9JAP20250111,m4b9jap20250111_141615,TẠP HOÁ CHỊ LIỄU,TẠP HOÁ CHỊ LIỄU,Traditional Market,Phạm Thị Mai Chi,RETAIL,GROCERY,TRADITIONAL MARKET / GROCERY STORE / SPECIALTY STORE,FIXED LOCATION,,04/02/2025,,,,Có mặt bằng,,2
MOMOMY9Q20250111,m4bmy9q20250111_141396,HOÀN SƠN,HOÀN SƠN,Other Retail,Phạm Thị Mai Chi,RETAIL,GROCERY,TRADITIONAL MARKET / GROCERY STORE / SPECIALTY STORE,MOBILE LOCATION,,04/02/2025,,,,Không có mặt bằng,,2
MOMOL8TO20250111,m4bl8to20250111_141664,NHÂM LINH,NHÂM LINH,Street stall,Phạm Thị Mai Chi,FNB,FOOD,COMFORT FOOD / STREET FOOD,MOBILE LOCATION,,04/02/2025,,,,Không có mặt bằng,,2
MOMOBSV320250111,m4bbsv320250111_141559,CHUNG TRANG,CHUNG TRANG,Grocery,Phạm Thị Mai Chi,RETAIL,GROCERY,TRADITIONAL MARKET / GROCERY STORE / SPECIALTY STORE,FIXED LOCATION,,04/02/2025,,,,Có mặt bằng,,2
MOMOYLEW20250111,m4bylew20250111_141666,TẠP HOÁ ĐẠI LAM,TẠP HOÁ ĐẠI LAM,Traditional Market,Phạm Thị Mai Chi,RETAIL,GROCERY,TRADITIONAL MARKET / GROCERY STORE / SPECIALTY STORE,FIXED LOCATION,,04/02/2025,,,,Có mặt bằng,,2
MOMOIJWF20250111,m4bijwf20250111_141516,HAIR SPA DIỆU LINH,HAIR SPA DIỆU LINH,Barber and Beauty Shops,Phạm Thị Mai Chi,SERVICE,BEAUTY & SPA,CLINIC / SALON,FIXED LOCATION,,04/02/2025,,,,Có mặt bằng,,2
MOMOSNWF20250111,m4bsnwf20250111_141476,TẠP HÓA THẢO VY,TẠP HÓA THẢO VY,Traditional Market,Phạm Thị Mai Chi,RETAIL,GROCERY,TRADITIONAL MARKET / GROCERY STORE / SPECIALTY STORE,FIXED LOCATION,,04/02/2025,,,,Có mặt bằng,,2
MOMO5SUT20250111,m4b5sut20250111_141511,SHOP KIM EM,SHOP KIM EM,Other Retail,Phạm Thị Mai Chi,RETAIL,GROCERY,TRADITIONAL MARKET / GROCERY STORE / SPECIALTY STORE,FIXED LOCATION,,04/02/2025,,,,Có mặt bằng,,2
MOMOBH9120250111,m4bbh9120250111_141424,QUÁN THU THƠM,QUÁN THU THƠM,Other Retail,Phạm Thị Mai Chi,RETAIL,GROCERY,TRADITIONAL MARKET / GROCERY STORE / SPECIALTY STORE,MOBILE LOCATION,,04/02/2025,,,,Không có mặt bằng,,2
MOMORZRT20250111,m4brzrt20250111_141586,VIỆN TẠO MẪU TÓC HÁN HẰNG,VIỆN TẠO MẪU TÓC HÁN HẰNG,Barber and Beauty Shops,Phạm Thị Mai Chi,SERVICE,BEAUTY & SPA,CLINIC / SALON,FIXED LOCATION,,04/02/2025,,,,Có mặt bằng,,2
MOMOAH6R20250111,m4bah6r20250111_141702,D.COFFEE,D.COFFEE,Cafe shop,Phạm Thị Mai Chi,FNB,BEVERAGE,COFFEE,FIXED LOCATION,,04/02/2025,,,,Có mặt bằng,,2
MOMOKQSN20250111,m4bkqsn20250111_141564,HOA CÂY CẢNH THANH TRÍ,HOA CÂY CẢNH THANH TRÍ,Traditional Market,Phạm Thị Mai Chi,RETAIL,GROCERY,TRADITIONAL MARKET / GROCERY STORE / SPECIALTY STORE,MOBILE LOCATION,,04/02/2025,,,,Không có mặt bằng,,2
MOMOHW2P20250111,m4bhw2p20250111_141442,ĐÈO GIÀNG QUÁN,ĐÈO GIÀNG QUÁN,Street stall,Phạm Thị Mai Chi,FNB,FOOD,COMFORT FOOD / STREET FOOD,MOBILE LOCATION,,04/02/2025,,,,Không có mặt bằng,,2
MOMOWIWY20250111,m4bwiwy20250111_141497,ĐỒ TRANG TRÍ TẾT CHỊ THỦY,ĐỒ TRANG TRÍ TẾT CHỊ THỦY,Other Retail,Phạm Thị Mai Chi,RETAIL,GROCERY,TRADITIONAL MARKET / GROCERY STORE / SPECIALTY STORE,FIXED LOCATION,,04/02/2025,,,,Có mặt bằng,,2
MOMOAEKA20250111,m4baeka20250111_141590,CỬA HÀNG HƯƠNG SÚP,CỬA HÀNG HƯƠNG SÚP,Traditional Market,Phạm Thị Mai Chi,RETAIL,GROCERY,TRADITIONAL MARKET / GROCERY STORE / SPECIALTY STORE,MOBILE LOCATION,,04/02/2025,,,,Không có mặt bằng,,2
MOMOLBMQ20250111,m4blbmq20250111_141672,BÁNH MÌ HỒNG NGỌC,BÁNH MÌ HỒNG NGỌC,Market,Phạm Thị Mai Chi,RETAIL,GROCERY,TRADITIONAL MARKET / GROCERY STORE / SPECIALTY STORE,MOBILE LOCATION,,04/02/2025,,,,Không có mặt bằng,,2
MOMORGXW20250111,m4brgxw20250111_141641,VĂN PHÒNG PHẨM HOAN HÀ,VĂN PHÒNG PHẨM HOAN HÀ,book store,Phạm Thị Mai Chi,RETAIL,SHOPPING,BOOKSTORE / TOYS,FIXED LOCATION,,04/02/2025,,,,Có mặt bằng,,2
MOMO7U6U20250111,m4b7u6u20250111_141403,PHỤ TÙNG Ô TÔ XUÂN,PHỤ TÙNG Ô TÔ XUÂN,Auto maintenance,Phạm Thị Mai Chi,SERVICE,HOME & MAINTENANCE,AUTO MAINTENANCE,FIXED LOCATION,,04/02/2025,,,,Có mặt bằng,,2
MOMOQRTL20250111,m4bqrtl20250111_141520,TOPSHOP - QUANG TRUNG,TOPSHOP - QUANG TRUNG,Clothes,Phạm Thị Mai Chi,RETAIL,SHOPPING,FASHION / ACCESSORIES,FIXED LOCATION,,04/02/2025,,,,Có mặt bằng,,2
MOMO7WDG20250111,m4b7wdg20250111_141669,TẠP HOÁ HIỀN LƯƠNG,TẠP HOÁ HIỀN LƯƠNG,Traditional Market,Phạm Thị Mai Chi,RETAIL,GROCERY,TRADITIONAL MARKET / GROCERY STORE / SPECIALTY STORE,FIXED LOCATION,,04/02/2025,,,,Có mặt bằng,,2
MOMOM7A520250111,m4bm7a520250111_141515,HAIR SALON QUANG TRƯỜNG,HAIR SALON QUANG TRƯỜNG,Barber and Beauty Shops,Phạm Thị Mai Chi,SERVICE,BEAUTY & SPA,CLINIC / SALON,FIXED LOCATION,,04/02/2025,,,,Có mặt bằng,,2
MOMON51S20250111,m4bn51s20250111_141706,CỬA HÀNG ÂN HƯƠNG,CỬA HÀNG ÂN HƯƠNG,Traditional Market,Phạm Thị Mai Chi,RETAIL,GROCERY,TRADITIONAL MARKET / GROCERY STORE / SPECIALTY STORE,FIXED LOCATION,,04/02/2025,,,,Có mặt bằng,,2
MOMORTGG20250111,m4brtgg20250111_141499,HOA QUẢ CƯỜNG LIÊN,HOA QUẢ CƯỜNG LIÊN,Traditional Market,Phạm Thị Mai Chi,RETAIL,GROCERY,TRADITIONAL MARKET / GROCERY STORE / SPECIALTY STORE,MOBILE LOCATION,,04/02/2025,,,,Không có mặt bằng,,2
MOMOVRAV20250111,m4bvrav20250111_141699,MINH CHÂU FRUITS,MINH CHÂU FRUITS,Traditional Market,Phạm Thị Mai Chi,RETAIL,GROCERY,TRADITIONAL MARKET / GROCERY STORE / SPECIALTY STORE,FIXED LOCATION,,04/02/2025,,,,Có mặt bằng,,2
MOMODXWL20250111,m4bdxwl20250111_141437,HIỀN BABY MART MẸ VÀ BÉ,HIỀN BABY MART MẸ VÀ BÉ,Phones/Laptop/PC,Phạm Thị Mai Chi,RETAIL,SHOPPING,HOME LIVING / ELECTRONICS,FIXED LOCATION,,04/02/2025,,,,Có mặt bằng,,2
MOMOWPHH20250111,m4bwphh20250111_141521,ĐẶC SẢN MỨT ĐÀ LẠT KIỀU THANH,ĐẶC SẢN MỨT ĐÀ LẠT KIỀU THANH,Other Retail,Phạm Thị Mai Chi,RETAIL,GROCERY,TRADITIONAL MARKET / GROCERY STORE / SPECIALTY STORE,FIXED LOCATION,,04/02/2025,,,,Có mặt bằng,,2
MOMOFBBZ20250111,m4bfbbz20250111_141489,TẠP HOÁ TÝ HẰNG,TẠP HOÁ TÝ HẰNG,Traditional Market,Phạm Thị Mai Chi,RETAIL,GROCERY,TRADITIONAL MARKET / GROCERY STORE / SPECIALTY STORE,FIXED LOCATION,,04/02/2025,,,,Có mặt bằng,,2
MOMONRPX20250111,m4bnrpx20250111_141561,HOA QUẢ TÂM THÀNH,HOA QUẢ TÂM THÀNH,Traditional Market,Phạm Thị Mai Chi,RETAIL,GROCERY,TRADITIONAL MARKET / GROCERY STORE / SPECIALTY STORE,MOBILE LOCATION,,04/02/2025,,,,Không có mặt bằng,,2
MOMO6DPX20250111,m4b6dpx20250111_141514,HOÀNG ANH SMARTHOME,HOÀNG ANH SMARTHOME,Electronic equiment,Phạm Thị Mai Chi,RETAIL,SHOPPING,HOME LIVING / ELECTRONICS,FIXED LOCATION,,04/02/2025,,,,Có mặt bằng,,2
MOMO26VU20250111,m4b26vu20250111_141602,TẠP HOÁ HOÀNH DUYÊN,TẠP HOÁ HOÀNH DUYÊN,Traditional Market,Phạm Thị Mai Chi,RETAIL,GROCERY,TRADITIONAL MARKET / GROCERY STORE / SPECIALTY STORE,FIXED LOCATION,,04/02/2025,,,,Có mặt bằng,,2
MOMOE9JA20250111,m4be9ja20250111_141549,TẠP HOÁ LƯU ANH 2,TẠP HOÁ LƯU ANH 2,Traditional Market,Phạm Thị Mai Chi,RETAIL,GROCERY,TRADITIONAL MARKET / GROCERY STORE / SPECIALTY STORE,FIXED LOCATION,,04/02/2025,,,,Có mặt bằng,,2
MOMOQ7IX20250111,m4bq7ix20250111_141707,ĐIỆN MÁY TIẾN XUYÊN,ĐIỆN MÁY TIẾN XUYÊN,Electronics store,Phạm Thị Mai Chi,RETAIL,SHOPPING,HOME LIVING / ELECTRONICS,FIXED LOCATION,,04/02/2025,,,,Có mặt bằng,,2
MOMOUWM220250111,m4buwm220250111_141618,NẤM GOBI,NẤM GOBI,Clothes,Phạm Thị Mai Chi,RETAIL,SHOPPING,FASHION / ACCESSORIES,FIXED LOCATION,,04/02/2025,,,,Có mặt bằng,,2
MOMOABT920250111,m4babt920250111_141537,CỬA HÀNG TUÂN MƠ,CỬA HÀNG TUÂN MƠ,Traditional Market,Phạm Thị Mai Chi,RETAIL,GROCERY,TRADITIONAL MARKET / GROCERY STORE / SPECIALTY STORE,FIXED LOCATION,,04/02/2025,,,,Có mặt bằng,,2
MOMO4JDR20250111,m4b4jdr20250111_141359,TÂM NAILS & MAKEUP,TÂM NAILS & MAKEUP,barber and Beauty Shops,Phạm Thị Mai Chi,SERVICE,BEAUTY & SPA,CLINIC / SALON,MOBILE LOCATION,,04/02/2025,,,,Không có mặt bằng,,2
MOMOB7UW20250111,m4bb7uw20250111_141395,PHAN HẢI CAMERA,PHAN HẢI CAMERA,Electronic equiment,Phạm Thị Mai Chi,RETAIL,SHOPPING,HOME LIVING / ELECTRONICS,FIXED LOCATION,,04/02/2025,,,,Có mặt bằng,,2
MOMOF4PU20250111,m4bf4pu20250111_141621,LED THÀNH NAM,LED THÀNH NAM,Other Retail,Phạm Thị Mai Chi,RETAIL,GROCERY,TRADITIONAL MARKET / GROCERY STORE / SPECIALTY STORE,FIXED LOCATION,,04/02/2025,,,,Có mặt bằng,,2
MOMONZVA20250111,m4bnzva20250111_141435,BÉ MẬP MỸ PHẨM,BÉ MẬP MỸ PHẨM,Other Retail,Phạm Thị Mai Chi,RETAIL,GROCERY,TRADITIONAL MARKET / GROCERY STORE / SPECIALTY STORE,FIXED LOCATION,,04/02/2025,,,,Có mặt bằng,,2
MOMOTFNK20250111,m4btfnk20250111_141518,TẠP HOÁ THỤ HUYỀN,TẠP HOÁ THỤ HUYỀN,Traditional Market,Phạm Thị Mai Chi,RETAIL,GROCERY,TRADITIONAL MARKET / GROCERY STORE / SPECIALTY STORE,MOBILE LOCATION,,04/02/2025,,,,Không có mặt bằng,,2
MOMO1QEN20250111,m4b1qen20250111_141481,VỊ KHANG 2 STORE,VỊ KHANG 2 STORE,Phones/Laptop/PC,Phạm Thị Mai Chi,RETAIL,SHOPPING,HOME LIVING / ELECTRONICS,FIXED LOCATION,,04/02/2025,,,,Có mặt bằng,,2
MOMOVPTI20250111,m4bvpti20250111_141479,QUÁN NƯỚC NGUYỆT ÁNH,QUÁN NƯỚC NGUYỆT ÁNH,Cafe shop,Phạm Thị Mai Chi,FNB,BEVERAGE,COFFEE,FIXED LOCATION,,04/02/2025,,,,Có mặt bằng,,2
MOMOTPO220250111,m4btpo220250111_141654,TẠP HOÁ CÔ THẬT,TẠP HOÁ CÔ THẬT,Traditional Market,Phạm Thị Mai Chi,RETAIL,GROCERY,TRADITIONAL MARKET / GROCERY STORE / SPECIALTY STORE,FIXED LOCATION,,04/02/2025,,,,Có mặt bằng,,2
MOMOBAYW20250111,m4bbayw20250111_141663,TẠP HOÁ HOA HÙNG,TẠP HOÁ HOA HÙNG,Traditional Market,Phạm Thị Mai Chi,RETAIL,GROCERY,TRADITIONAL MARKET / GROCERY STORE / SPECIALTY STORE,FIXED LOCATION,,04/02/2025,,,,Có mặt bằng,,2
MOMOAGHM20250111,m4baghm20250111_141455,GIÒ CHẢ MẠNH YẾN,GIÒ CHẢ MẠNH YẾN,Street stall,Phạm Thị Mai Chi,FNB,FOOD,COMFORT FOOD / STREET FOOD,MOBILE LOCATION,,04/02/2025,,,,Không có mặt bằng,,2
MOMOPJXM20250111,m4bpjxm20250111_141578,HAMBURGER SION,HAMBURGER SION,Fast food,Phạm Thị Mai Chi,FNB,FOOD,FAST FOOD,FIXED LOCATION,,04/02/2025,,,,Có mặt bằng,,2
MOMOAW2T20250111,m4baw2t20250111_141684,HÁ CẢO NHÀ LÀM,HÁ CẢO NHÀ LÀM,Street stall,Phạm Thị Mai Chi,FNB,FOOD,COMFORT FOOD / STREET FOOD,MOBILE LOCATION,,04/02/2025,,,,Không có mặt bằng,,2
MOMONOGY20250111,m4bnogy20250111_141591,GUGU MART,GUGU MART,CVS,Phạm Thị Mai Chi,RETAIL,GROCERY,TRADITIONAL MARKET / GROCERY STORE / SPECIALTY STORE,FIXED LOCATION,,04/02/2025,,,,Có mặt bằng,,2
MOMOYYJ020250111,m4byyj020250111_141380,MAI THẾ CẦN,MAI THẾ CẦN,Grocery,Phạm Thị Mai Chi,RETAIL,GROCERY,TRADITIONAL MARKET / GROCERY STORE / SPECIALTY STORE,MOBILE LOCATION,,04/02/2025,,,,Không có mặt bằng,,2
MOMOBJ4K20250111,m4bbj4k20250111_141412,BÁNH MỲ HOÀN HƯỜNG,BÁNH MỲ HOÀN HƯỜNG,Other Retail,Phạm Thị Mai Chi,RETAIL,GROCERY,TRADITIONAL MARKET / GROCERY STORE / SPECIALTY STORE,FIXED LOCATION,,04/02/2025,,,,Có mặt bằng,,2
MOMOS32D20250111,m4bs32d20250111_141415,TRÁI CÂY VŨ BÌNH,TRÁI CÂY VŨ BÌNH,Other Retail,Phạm Thị Mai Chi,RETAIL,GROCERY,TRADITIONAL MARKET / GROCERY STORE / SPECIALTY STORE,FIXED LOCATION,,04/02/2025,,,,Có mặt bằng,,2
MOMOHB7M20250111,m4bhb7m20250111_141608,NHA KHOA SƠN NGHĨA,NHA KHOA SƠN NGHĨA,Clinic/Salon,Phạm Thị Mai Chi,SERVICE,BEAUTY & SPA,CLINIC / SALON,FIXED LOCATION,,04/02/2025,,,,Có mặt bằng,,2
MOMOQ9KB20250111,m4bq9kb20250111_141610,TẠP HOÁ NGỌC TOÀN,TẠP HOÁ NGỌC TOÀN,Traditional Market,Phạm Thị Mai Chi,RETAIL,GROCERY,TRADITIONAL MARKET / GROCERY STORE / SPECIALTY STORE,FIXED LOCATION,,04/02/2025,,,,Có mặt bằng,,2
MOMOBDBZ20250111,m4bbdbz20250111_141643,GIÒ CHẢ NGỌC LÝ,GIÒ CHẢ NGỌC LÝ,Other Retail,Phạm Thị Mai Chi,RETAIL,GROCERY,TRADITIONAL MARKET / GROCERY STORE / SPECIALTY STORE,FIXED LOCATION,,04/02/2025,,,,Có mặt bằng,,2
MOMOL78120250111,m4bl78120250111_141636,TẠP HÓA BÀ HÒA,TẠP HÓA BÀ HÒA,Traditional Market,Phạm Thị Mai Chi,RETAIL,GROCERY,TRADITIONAL MARKET / GROCERY STORE / SPECIALTY STORE,FIXED LOCATION,,04/02/2025,,,,Có mặt bằng,,2
MOMOWBOD20250111,m4bwbod20250111_141421,PHOTO MINH THỦY,PHOTO MINH THỦY,Other Retail,Phạm Thị Mai Chi,RETAIL,GROCERY,TRADITIONAL MARKET / GROCERY STORE / SPECIALTY STORE,FIXED LOCATION,,04/02/2025,,,,Có mặt bằng,,2
MOMO5JRV20250111,m4b5jrv20250111_141700,XÔI NGON NGÃ 8,XÔI NGON NGÃ 8,Street stall,Phạm Thị Mai Chi,FNB,FOOD,COMFORT FOOD / STREET FOOD,MOBILE LOCATION,,04/02/2025,,,,Không có mặt bằng,,2
MOMO72EL20250111,m4b72el20250111_141613,XÔI MẶN THANH NGỌC,XÔI MẶN THANH NGỌC,Street stall,Phạm Thị Mai Chi,FNB,FOOD,COMFORT FOOD / STREET FOOD,MOBILE LOCATION,,04/02/2025,,,,Không có mặt bằng,,2
MOMOH1FF20250111,m4bh1ff20250111_141423,HẢI SẢN NHÀN TÊNH,HẢI SẢN NHÀN TÊNH,Other Retail,Phạm Thị Mai Chi,RETAIL,GROCERY,TRADITIONAL MARKET / GROCERY STORE / SPECIALTY STORE,MOBILE LOCATION,,04/02/2025,,,,Không có mặt bằng,,2
MOMO4OOZ20250111,m4b4ooz20250111_141413,MINH QUANG BAKERY,MINH QUANG BAKERY,Bakery & Confectionery,Phạm Thị Mai Chi,FNB,FOOD,BAKERY / SWEETS,FIXED LOCATION,,04/02/2025,,,,Có mặt bằng,,2
MOMO6P6C20250111,m4b6p6c20250111_141545,TẠP HOÁ NGỌC QUYỀN,TẠP HOÁ NGỌC QUYỀN,Traditional Market,Phạm Thị Mai Chi,RETAIL,GROCERY,TRADITIONAL MARKET / GROCERY STORE / SPECIALTY STORE,FIXED LOCATION,,04/02/2025,,,,Có mặt bằng,,2
MOMO9E5P20250111,m4b9e5p20250111_141695,TẠP HOÁ HƯƠNG HẠNH,TẠP HOÁ HƯƠNG HẠNH,Traditional Market,Phạm Thị Mai Chi,RETAIL,GROCERY,TRADITIONAL MARKET / GROCERY STORE / SPECIALTY STORE,FIXED LOCATION,,04/02/2025,,,,Có mặt bằng,,2
MOMOXB0X20250111,m4bxb0x20250111_141574,TẠP HOÁ CẢI LƯƠNG,TẠP HOÁ CẢI LƯƠNG,Traditional Market,Phạm Thị Mai Chi,RETAIL,GROCERY,TRADITIONAL MARKET / GROCERY STORE / SPECIALTY STORE,FIXED LOCATION,,04/02/2025,,,,Có mặt bằng,,2
MOMOGN5Q20250111,m4bgn5q20250111_141631,RỬA XE OTO HƯNG THỊNH,RỬA XE OTO HƯNG THỊNH,Car/Motor Washes,Phạm Thị Mai Chi,SERVICE,HOME & MAINTENANCE,AUTO MAINTENANCE,FIXED LOCATION,,04/02/2025,,,,Có mặt bằng,,2
MOMO4KKE20250111,m4b4kke20250111_141681,QUẦY THỊT,QUẦY THỊT,Market,Phạm Thị Mai Chi,RETAIL,GROCERY,TRADITIONAL MARKET / GROCERY STORE / SPECIALTY STORE,MOBILE LOCATION,,04/02/2025,,,,Không có mặt bằng,,2
MOMOZMHS20250111,m4bzmhs20250111_141560,TIỆM TRÀ NHA,TIỆM TRÀ NHA,Milk tea shop,Phạm Thị Mai Chi,FNB,BEVERAGE,MILK TEA,FIXED LOCATION,,04/02/2025,,,,Có mặt bằng,,2
MOMOG3GE20250111,m4bg3ge20250111_141673,CỬA HÀNG THỊ CHỊ NHUNG,CỬA HÀNG THỊ CHỊ NHUNG,Traditional Market,Phạm Thị Mai Chi,RETAIL,GROCERY,TRADITIONAL MARKET / GROCERY STORE / SPECIALTY STORE,MOBILE LOCATION,,04/02/2025,,,,Không có mặt bằng,,2
MOMOHR5S20250111,m4bhr5s20250111_141595,TẠP HÓA BẢO LÂM,TẠP HÓA BẢO LÂM,Traditional Market,Phạm Thị Mai Chi,RETAIL,GROCERY,TRADITIONAL MARKET / GROCERY STORE / SPECIALTY STORE,FIXED LOCATION,,04/02/2025,,,,Có mặt bằng,,2
MOMOSP7L20250111,m4bsp7l20250111_141562,MI MI TEA,MI MI TEA,Milk tea shop,Phạm Thị Mai Chi,FNB,BEVERAGE,MILK TEA,FIXED LOCATION,,04/02/2025,,,,Có mặt bằng,,2
MOMOYQAU20250111,m4byqau20250111_141406,TẠP HOÁ HÀ ÂN,TẠP HOÁ HÀ ÂN,Traditional Market,Phạm Thị Mai Chi,RETAIL,GROCERY,TRADITIONAL MARKET / GROCERY STORE / SPECIALTY STORE,FIXED LOCATION,,04/02/2025,,,,Có mặt bằng,,2
MOMOUZLB20250111,m4buzlb20250111_141498,TIỆM MÌ 582,TIỆM MÌ 582,Food shop (Dining),Phạm Thị Mai Chi,FNB,FOOD,COMFORT FOOD / STREET FOOD,MOBILE LOCATION,,04/02/2025,,,,Không có mặt bằng,,2
MOMORSIL20250111,m4brsil20250111_141478,NƯỚC MÍA TRÀ TẮC ĐÌNH PHÁT,NƯỚC MÍA TRÀ TẮC ĐÌNH PHÁT,Other Food and Beverage,Phạm Thị Mai Chi,FNB,BEVERAGE,BEVERAGE - OTHER,MOBILE LOCATION,,04/02/2025,,,,Không có mặt bằng,,2
MOMODXOT20250111,m4bdxot20250111_141539,CỬA HÀNG TOAN PHÓNG,CỬA HÀNG TOAN PHÓNG,Traditional Market,Phạm Thị Mai Chi,RETAIL,GROCERY,TRADITIONAL MARKET / GROCERY STORE / SPECIALTY STORE,FIXED LOCATION,,04/02/2025,,,,Có mặt bằng,,2
MOMOX1XB20250111,m4bx1xb20250111_141645,TẠP HOÁ HỆ VUI,TẠP HOÁ HỆ VUI,Traditional Market,Phạm Thị Mai Chi,RETAIL,GROCERY,TRADITIONAL MARKET / GROCERY STORE / SPECIALTY STORE,FIXED LOCATION,,04/02/2025,,,,Có mặt bằng,,2
MOMOPA6L20250111,m4bpa6l20250111_141398,TẠP HÓA CHÚ TƯ,TẠP HÓA CHÚ TƯ,Traditional Market,Phạm Thị Mai Chi,RETAIL,GROCERY,TRADITIONAL MARKET / GROCERY STORE / SPECIALTY STORE,FIXED LOCATION,,04/02/2025,,,,Có mặt bằng,,2
MOMO3BYW20250111,m4b3byw20250111_141370,BS DŨNG - PK TAI-MŨI-HỌNG,BS DŨNG - PK TAI-MŨI-HỌNG,Other Retail,Phạm Thị Mai Chi,RETAIL,GROCERY,TRADITIONAL MARKET / GROCERY STORE / SPECIALTY STORE,FIXED LOCATION,,04/02/2025,,,,Có mặt bằng,,2
MOMO8GDF20250111,m4b8gdf20250111_141422,CƠM TẤM KIM LOAN,CƠM TẤM KIM LOAN,Food shop (Dining),Phạm Thị Mai Chi,FNB,FOOD,COMFORT FOOD / STREET FOOD,MOBILE LOCATION,,04/02/2025,,,,Không có mặt bằng,,2
MOMOA1UU20250111,m4ba1uu20250111_141471,VUA YẾN SÀO ĐOÀN THỊ ĐIỂM,VUA YẾN SÀO ĐOÀN THỊ ĐIỂM,Market,Phạm Thị Mai Chi,RETAIL,GROCERY,TRADITIONAL MARKET / GROCERY STORE / SPECIALTY STORE,FIXED LOCATION,,04/02/2025,,,,Có mặt bằng,,2
MOMOC8TZ20250111,m4bc8tz20250111_141525,QUÁN TRÀ CHANH LEMON,QUÁN TRÀ CHANH LEMON,Other Food and Beverage,Phạm Thị Mai Chi,FNB,BEVERAGE,BEVERAGE - OTHER,FIXED LOCATION,,04/02/2025,,,,Có mặt bằng,,2
MOMOBAQF20250111,m4bbaqf20250111_141405,COFFEE CÂY CẢNH,COFFEE CÂY CẢNH,Cafe shop,Phạm Thị Mai Chi,FNB,BEVERAGE,COFFEE,FIXED LOCATION,,04/02/2025,,,,Có mặt bằng,,2
MOMORGHR20250111,m4brghr20250111_141630,TẠP HOÁ NHÂN THIỆT,TẠP HOÁ NHÂN THIỆT,Traditional Market,Phạm Thị Mai Chi,RETAIL,GROCERY,TRADITIONAL MARKET / GROCERY STORE / SPECIALTY STORE,FIXED LOCATION,,04/02/2025,,,,Có mặt bằng,,2
MOMO1KZH20250111,m4b1kzh20250111_141503,KOREA COFFEE,KOREA COFFEE,Cafe shop,Phạm Thị Mai Chi,FNB,BEVERAGE,COFFEE,MOBILE LOCATION,,04/02/2025,,,,Không có mặt bằng,,2
MOMOUBQC20250111,m4bubqc20250111_141568,CỌP BARBER,CỌP BARBER,Barber and Beauty Shops,Phạm Thị Mai Chi,SERVICE,BEAUTY & SPA,CLINIC / SALON,FIXED LOCATION,,04/02/2025,,,,Có mặt bằng,,2
MOMOFG9R20250111,m4bfg9r20250111_141523,BEAUTY SPA HÀ TRẦN,BEAUTY SPA HÀ TRẦN,Spa/Massage,Phạm Thị Mai Chi,SERVICE,BEAUTY & SPA,SPA / MASSAGE,FIXED LOCATION,,04/02/2025,,,,Có mặt bằng,,2
MOMOTXDX20250111,m4btxdx20250111_141519,TRAN UONG THE MY,TRAN UONG THE MY,Market,Phạm Thị Mai Chi,RETAIL,GROCERY,TRADITIONAL MARKET / GROCERY STORE / SPECIALTY STORE,FIXED LOCATION,,04/02/2025,,,,Có mặt bằng,,2
MOMO5UC420250111,m4b5uc420250111_141464,TÌNH CÁ,TÌNH CÁ,Market,Phạm Thị Mai Chi,RETAIL,GROCERY,TRADITIONAL MARKET / GROCERY STORE / SPECIALTY STORE,MOBILE LOCATION,,04/02/2025,,,,Không có mặt bằng,,2
MOMO8UKI20250111,m4b8uki20250111_141603,BIRD'S NEST MILK TEA,BIRD'S NEST MILK TEA,Milk tea shop,Phạm Thị Mai Chi,FNB,BEVERAGE,MILK TEA,MOBILE LOCATION,,04/02/2025,,,,Không có mặt bằng,,2
MOMORZKE20250111,m4brzke20250111_141584,TẠP HOÁ SƠN YẾN,TẠP HOÁ SƠN YẾN,Traditional Market,Phạm Thị Mai Chi,RETAIL,GROCERY,TRADITIONAL MARKET / GROCERY STORE / SPECIALTY STORE,MOBILE LOCATION,,04/02/2025,,,,Không có mặt bằng,,2
MOMOFM5O20250111,m4bfm5o20250111_141483,HOKI COFFEE,HOKI COFFEE,Cafe shop,Phạm Thị Mai Chi,FNB,BEVERAGE,COFFEE,FIXED LOCATION,,04/02/2025,,,,Có mặt bằng,,2
MOMOI91920250111,m4bi91920250111_141457,NHÀ THUỐC TÂY MAI LINH 6,NHÀ THUỐC TÂY MAI LINH 6,Hospital Equiment,Phạm Thị Mai Chi,RETAIL,SHOPPING,HEALTH AND BEAUTY / DRUGSTORE,FIXED LOCATION,,04/02/2025,,,,Có mặt bằng,,2
MOMOTTH520250111,m4btth520250111_141593,TRÁI CÂY EM MINH KUTE,TRÁI CÂY EM MINH KUTE,Market,Phạm Thị Mai Chi,RETAIL,GROCERY,TRADITIONAL MARKET / GROCERY STORE / SPECIALTY STORE,FIXED LOCATION,,04/02/2025,,,,Có mặt bằng,,2
MOMOOYJZ20250111,m4boyjz20250111_141696,QUẦY THUỐC ĐỨC TUYẾN,QUẦY THUỐC ĐỨC TUYẾN,Hospital Equiment,Phạm Thị Mai Chi,RETAIL,SHOPPING,HEALTH AND BEAUTY / DRUGSTORE,FIXED LOCATION,,04/02/2025,,,,Có mặt bằng,,2
MOMOGBIN20250111,m4bgbin20250111_141402,1982 COFFEE SHOP,1982 COFFEE SHOP,Cafe shop,Phạm Thị Mai Chi,FNB,BEVERAGE,COFFEE,FIXED LOCATION,,04/02/2025,,,,Có mặt bằng,,2
MOMO3DOF20250111,m4b3dof20250111_141444,PHẠM XUÂN QUỲNH HÀNG MÃ LAN NGỌ,PHẠM XUÂN QUỲNH HÀNG MÃ LAN NGỌ,market,Phạm Thị Mai Chi,RETAIL,GROCERY,TRADITIONAL MARKET / GROCERY STORE / SPECIALTY STORE,FIXED LOCATION,,04/02/2025,,,,Có mặt bằng,,2
MOMORV9020250111,m4brv9020250111_141655,MỸ PHẨM THÙY DIỄM,MỸ PHẨM THÙY DIỄM,Other Retail,Phạm Thị Mai Chi,RETAIL,GROCERY,TRADITIONAL MARKET / GROCERY STORE / SPECIALTY STORE,FIXED LOCATION,,04/02/2025,,,,Có mặt bằng,,2
MOMOYZ9R20250111,m4byz9r20250111_141488,CỬA HÀNG TRÌNH THUỶ,CỬA HÀNG TRÌNH THUỶ,Traditional Market,Phạm Thị Mai Chi,RETAIL,GROCERY,TRADITIONAL MARKET / GROCERY STORE / SPECIALTY STORE,FIXED LOCATION,,04/02/2025,,,,Có mặt bằng,,2
MOMOWEZX20250111,m4bwezx20250111_141607,CỬA HÀNG BÁCH HOÁ TỔNG HỢP  PHÚ TÀI,CỬA HÀNG BÁCH HOÁ TỔNG HỢP  PHÚ TÀI,Traditional Market,Phạm Thị Mai Chi,RETAIL,GROCERY,TRADITIONAL MARKET / GROCERY STORE / SPECIALTY STORE,FIXED LOCATION,,04/02/2025,,,,Có mặt bằng,,2
MOMOCNWB20250111,m4bcnwb20250111_141609,SẠP TRÁI CÂY BÍCH NGỌC,SẠP TRÁI CÂY BÍCH NGỌC,Traditional Market,Phạm Thị Mai Chi,RETAIL,GROCERY,TRADITIONAL MARKET / GROCERY STORE / SPECIALTY STORE,MOBILE LOCATION,,04/02/2025,,,,Không có mặt bằng,,2
MOMOLK0C20250111,m4blk0c20250111_141467,HÀ THÙY QUÁN CƠM BÌNH DÂN,HÀ THÙY QUÁN CƠM BÌNH DÂN,Street stall,Phạm Thị Mai Chi,FNB,FOOD,COMFORT FOOD / STREET FOOD,FIXED LOCATION,,04/02/2025,,,,Có mặt bằng,,2
MOMOM8YF20250111,m4bm8yf20250111_141637,TIỆM BÁNH GIA BẢO,TIỆM BÁNH GIA BẢO,Bakery & Confectionery,Phạm Thị Mai Chi,FNB,FOOD,BAKERY / SWEETS,FIXED LOCATION,,04/02/2025,,,,Có mặt bằng,,2
MOMOOSAL20250111,m4bosal20250111_141597,CỬA HÀNG ĐIỆN NƯỚC HOÀ MAI,CỬA HÀNG ĐIỆN NƯỚC HOÀ MAI,Traditional Market,Phạm Thị Mai Chi,RETAIL,GROCERY,TRADITIONAL MARKET / GROCERY STORE / SPECIALTY STORE,FIXED LOCATION,,04/02/2025,,,,Có mặt bằng,,2
MOMOZLCV20250111,m4bzlcv20250111_141397,QUẦY HÀNG KHÔ CHỊ TIẾP,QUẦY HÀNG KHÔ CHỊ TIẾP,Market,Phạm Thị Mai Chi,RETAIL,GROCERY,TRADITIONAL MARKET / GROCERY STORE / SPECIALTY STORE,MOBILE LOCATION,,04/02/2025,,,,Không có mặt bằng,,2
MOMOQUVS20250111,m4bquvs20250111_141419,TRÀ SỮA - LẠP XƯỞNG HÀ KHẨU,TRÀ SỮA - LẠP XƯỞNG HÀ KHẨU,Milk tea shop,Phạm Thị Mai Chi,FNB,BEVERAGE,MILK TEA,FIXED LOCATION,,04/02/2025,,,,Có mặt bằng,,2
MOMOYPKE20250111,m4bypke20250111_141604,CỬA HÀNG NGỌC ANH,CỬA HÀNG NGỌC ANH,Traditional Market,Phạm Thị Mai Chi,RETAIL,GROCERY,TRADITIONAL MARKET / GROCERY STORE / SPECIALTY STORE,MOBILE LOCATION,,04/02/2025,,,,Không có mặt bằng,,2
MOMOSQI220250111,m4bsqi220250111_141674,CƠM TẤM ĐÊM,CƠM TẤM ĐÊM,Street stall,Phạm Thị Mai Chi,FNB,FOOD,COMFORT FOOD / STREET FOOD,MOBILE LOCATION,,04/02/2025,,,,Không có mặt bằng,,2
MOMOTYMZ20250111,m4btymz20250111_141626,TỨ HUYỀN,TỨ HUYỀN,Grocery,Phạm Thị Mai Chi,RETAIL,GROCERY,TRADITIONAL MARKET / GROCERY STORE / SPECIALTY STORE,MOBILE LOCATION,,04/02/2025,,,,Không có mặt bằng,,2
MOMOXS1V20250111,m4bxs1v20250111_141671,TẠP HOÁ OANH THỐNG,TẠP HOÁ OANH THỐNG,Traditional Market,Phạm Thị Mai Chi,RETAIL,GROCERY,TRADITIONAL MARKET / GROCERY STORE / SPECIALTY STORE,FIXED LOCATION,,04/02/2025,,,,Có mặt bằng,,2
MOMOE9DM20250111,m4be9dm20250111_141552,TIỆM BÁNH THU HUYỀN,TIỆM BÁNH THU HUYỀN,Bakery & Confectionery,Phạm Thị Mai Chi,FNB,FOOD,BAKERY / SWEETS,FIXED LOCATION,,04/02/2025,,,,Có mặt bằng,,2
MOMOXGVK20250111,m4bxgvk20250111_141474,THUỐC THÚ Y HÀ LIÊM,THUỐC THÚ Y HÀ LIÊM,Hospital Equiment,Phạm Thị Mai Chi,RETAIL,SHOPPING,HEALTH AND BEAUTY / DRUGSTORE,MOBILE LOCATION,,04/02/2025,,,,Không có mặt bằng,,2
MOMOEDPR20250111,m4bedpr20250111_141659,SWEET CAKE,SWEET CAKE,Other Retail,Phạm Thị Mai Chi,RETAIL,GROCERY,TRADITIONAL MARKET / GROCERY STORE / SPECIALTY STORE,FIXED LOCATION,,04/02/2025,,,,Có mặt bằng,,2
MOMOFKRB20250111,m4bfkrb20250111_141596,TẠP HÓA BẢO HÂN,TẠP HÓA BẢO HÂN,Traditional Market,Phạm Thị Mai Chi,RETAIL,GROCERY,TRADITIONAL MARKET / GROCERY STORE / SPECIALTY STORE,FIXED LOCATION,,04/02/2025,,,,Có mặt bằng,,2
MOMOIA4H20250111,m4bia4h20250111_141404,CỬA HÀNG TÌNH HỢP,CỬA HÀNG TÌNH HỢP,Traditional Market,Phạm Thị Mai Chi,RETAIL,GROCERY,TRADITIONAL MARKET / GROCERY STORE / SPECIALTY STORE,FIXED LOCATION,,04/02/2025,,,,Có mặt bằng,,2
MOMOCESB20250111,m4bcesb20250111_141573,NGUYỄN THỊ THUÝ,NGUYỄN THỊ THUÝ,Market,Phạm Thị Mai Chi,RETAIL,GROCERY,TRADITIONAL MARKET / GROCERY STORE / SPECIALTY STORE,MOBILE LOCATION,,04/02/2025,,,,Không có mặt bằng,,2
MOMOD96J20250111,m4bd96j20250111_141426,TẠP HOÁ CHỊ LÝ,TẠP HOÁ CHỊ LÝ,Traditional Market,Phạm Thị Mai Chi,RETAIL,GROCERY,TRADITIONAL MARKET / GROCERY STORE / SPECIALTY STORE,FIXED LOCATION,,04/02/2025,,,,Có mặt bằng,,2
MOMOABK420250111,m4babk420250111_141447,QUÁN ĂN VẶT NINO2,QUÁN ĂN VẶT NINO2,Milk tea shop,Phạm Thị Mai Chi,FNB,BEVERAGE,MILK TEA,MOBILE LOCATION,,04/02/2025,,,,Không có mặt bằng,,2
MOMOIFPM20250111,m4bifpm20250111_141428,PHẠM THỊ MAI,PHẠM THỊ MAI,Street stall,Phạm Thị Mai Chi,FNB,FOOD,COMFORT FOOD / STREET FOOD,MOBILE LOCATION,,04/02/2025,,,,Không có mặt bằng,,2
MOMO0ZYG20250111,m4b0zyg20250111_141623,TẠP HOÁ DUNG TUẤN,TẠP HOÁ DUNG TUẤN,Traditional Market,Phạm Thị Mai Chi,RETAIL,GROCERY,TRADITIONAL MARKET / GROCERY STORE / SPECIALTY STORE,FIXED LOCATION,,04/02/2025,,,,Có mặt bằng,,2
MOMOPN5P20250111,m4bpn5p20250111_141705,BÁCH HÓA TỔNG HỢP THU CÚC,BÁCH HÓA TỔNG HỢP THU CÚC,Grocery,Phạm Thị Mai Chi,RETAIL,GROCERY,TRADITIONAL MARKET / GROCERY STORE / SPECIALTY STORE,FIXED LOCATION,,04/02/2025,,,,Có mặt bằng,,2
MOMOCH8Z20250111,m4bch8z20250111_141733,CÔ KHÁNH,CÔ KHÁNH,Grocery,Phạm Thị Mai Chi,RETAIL,GROCERY,TRADITIONAL MARKET / GROCERY STORE / SPECIALTY STORE,FIXED LOCATION,,04/02/2025,,,,Có mặt bằng,,2
MOMOOSZZ20250111,m4boszz20250111_141886,CỬA HÀNG TỰ CHỌN HỒNG QUÂN,CỬA HÀNG TỰ CHỌN HỒNG QUÂN,Traditional Market,Phạm Thị Mai Chi,RETAIL,GROCERY,TRADITIONAL MARKET / GROCERY STORE / SPECIALTY STORE,FIXED LOCATION,,04/02/2025,,,,Có mặt bằng,,2
MOMORYO920250111,m4bryo920250111_141969,MAI NGA TRÔNG XE,MAI NGA TRÔNG XE,Other Food and Beverage,Phạm Thị Mai Chi,SERVICE,HOME & MAINTENANCE,AUTO MAINTENANCE,FIXED LOCATION,,04/02/2025,,,,Có mặt bằng,,2
MOMOZSLX20250112,m4bzslx20250112_141882,BÉ BÉ KIDS,BÉ BÉ KIDS,Accessories,Phạm Thị Mai Chi,RETAIL,SHOPPING,FASHION / ACCESSORIES,FIXED LOCATION,,04/02/2025,,,,Có mặt bằng,,2
MOMOONH820250112,m4bonh820250112_141871,TIỆM MÌ PHÙNG KÝ,TIỆM MÌ PHÙNG KÝ,Street stall,Phạm Thị Mai Chi,FNB,FOOD,COMFORT FOOD / STREET FOOD,MOBILE LOCATION,,04/02/2025,,,,Không có mặt bằng,,2
MOMOCVX720250112,m4bcvx720250112_141925,THỊT BÒ PHÚC TƯƠI,THỊT BÒ PHÚC TƯƠI,market,Phạm Thị Mai Chi,RETAIL,GROCERY,TRADITIONAL MARKET / GROCERY STORE / SPECIALTY STORE,MOBILE LOCATION,,04/02/2025,,,,Không có mặt bằng,,2
MOMOGGQJ20250112,m4bggqj20250112_141823,QUẦY THUỐC TUẤN THU,QUẦY THUỐC TUẤN THU,Hospital Equiment,Phạm Thị Mai Chi,RETAIL,SHOPPING,HEALTH AND BEAUTY / DRUGSTORE,MOBILE LOCATION,,04/02/2025,,,,Không có mặt bằng,,2
MOMOIGLB20250112,m4biglb20250112_141844,MINH KHOA BAKERY,MINH KHOA BAKERY,Bakery & Confectionery,Phạm Thị Mai Chi,FNB,FOOD,BAKERY / SWEETS,FIXED LOCATION,,04/02/2025,,,,Có mặt bằng,,2
MOMO6XER20250112,m4b6xer20250112_141809,BÚN LÒNG DOAN THUẬN,BÚN LÒNG DOAN THUẬN,Food shop (Dining),Phạm Thị Mai Chi,FNB,FOOD,COMFORT FOOD / STREET FOOD,MOBILE LOCATION,,04/02/2025,,,,Không có mặt bằng,,2
MOMOP9WQ20250112,m4bp9wq20250112_141982,CỬA HÀNG RAU HƯƠNG GIANG,CỬA HÀNG RAU HƯƠNG GIANG,Traditional Market,Phạm Thị Mai Chi,RETAIL,GROCERY,TRADITIONAL MARKET / GROCERY STORE / SPECIALTY STORE,MOBILE LOCATION,,04/02/2025,,,,Không có mặt bằng,,2
MOMOMTQU20250112,m4bmtqu20250112_141836,SPA UYÊN LINH,SPA UYÊN LINH,Spa/Massage,Phạm Thị Mai Chi,SERVICE,BEAUTY & SPA,SPA / MASSAGE,FIXED LOCATION,,04/02/2025,,,,Có mặt bằng,,2
MOMOYGEO20250112,m4bygeo20250112_141734,ANH THẾ,ANH THẾ,Bakery & Confectionery,Phạm Thị Mai Chi,FNB,FOOD,BAKERY / SWEETS,FIXED LOCATION,,04/02/2025,,,,Có mặt bằng,,2
MOMOMLOW20250112,m4bmlow20250112_141803,QUẦY KHÔ CHỊ VÂN ANH,QUẦY KHÔ CHỊ VÂN ANH,Market,Phạm Thị Mai Chi,RETAIL,GROCERY,TRADITIONAL MARKET / GROCERY STORE / SPECIALTY STORE,MOBILE LOCATION,,04/02/2025,,,,Không có mặt bằng,,2
MOMOBNVE20250112,m4bbnve20250112_141801,TRÀ BÍ ĐAO TIỂU YÊU,TRÀ BÍ ĐAO TIỂU YÊU,Milk tea shop,Phạm Thị Mai Chi,FNB,BEVERAGE,MILK TEA,FIXED LOCATION,,04/02/2025,,,,Có mặt bằng,,2
MOMOO6WU20250112,m4bo6wu20250112_141850,SẠP HOA QUẢ PHẠM NHUNG,SẠP HOA QUẢ PHẠM NHUNG,Traditional Market,Phạm Thị Mai Chi,RETAIL,GROCERY,TRADITIONAL MARKET / GROCERY STORE / SPECIALTY STORE,MOBILE LOCATION,,04/02/2025,,,,Không có mặt bằng,,2
MOMOPC9720250112,m4bpc9720250112_141896,CÔ TÁM CAMPING,CÔ TÁM CAMPING,Grocery,Phạm Thị Mai Chi,RETAIL,GROCERY,TRADITIONAL MARKET / GROCERY STORE / SPECIALTY STORE,FIXED LOCATION,,04/02/2025,,,,Có mặt bằng,,2
MOMON99Q20250112,m4bn99q20250112_141930,NHANG ĐÈN MINH TIÊN,NHANG ĐÈN MINH TIÊN,Market,Phạm Thị Mai Chi,RETAIL,GROCERY,TRADITIONAL MARKET / GROCERY STORE / SPECIALTY STORE,FIXED LOCATION,,04/02/2025,,,,Có mặt bằng,,2
MOMOOSGR20250112,m4bosgr20250112_141791,QUẦY THỊT NGUYỄN THỊ TRINH,QUẦY THỊT NGUYỄN THỊ TRINH,Other Retail,Phạm Thị Mai Chi,RETAIL,GROCERY,TRADITIONAL MARKET / GROCERY STORE / SPECIALTY STORE,FIXED LOCATION,,04/02/2025,,,,Có mặt bằng,,2
MOMOZQJF20250112,m4bzqjf20250112_141887,UONG CUC HOC BAN,UONG CUC HOC BAN,Street stall,Phạm Thị Mai Chi,FNB,FOOD,COMFORT FOOD / STREET FOOD,MOBILE LOCATION,,04/02/2025,,,,Không có mặt bằng,,2
MOMOVB4220250112,m4bvb4220250112_141811,TẠP HOÁ KHOA DUNG,TẠP HOÁ KHOA DUNG,Traditional Market,Phạm Thị Mai Chi,RETAIL,GROCERY,TRADITIONAL MARKET / GROCERY STORE / SPECIALTY STORE,FIXED LOCATION,,04/02/2025,,,,Có mặt bằng,,2
MOMO80K720250112,m4b80k720250112_141762,BÌNH LIỄU,BÌNH LIỄU,Grocery,Phạm Thị Mai Chi,RETAIL,GROCERY,TRADITIONAL MARKET / GROCERY STORE / SPECIALTY STORE,FIXED LOCATION,,04/02/2025,,,,Có mặt bằng,,2
MOMO61CI20250112,m4b61ci20250112_141868,TẠP HÓA YẾN NHI,TẠP HÓA YẾN NHI,Traditional Market,Phạm Thị Mai Chi,RETAIL,GROCERY,TRADITIONAL MARKET / GROCERY STORE / SPECIALTY STORE,FIXED LOCATION,,04/02/2025,,,,Có mặt bằng,,2
MOMOVL0F20250112,m4bvl0f20250112_141812,CỬA HÀNG HUYỀN BÁ,CỬA HÀNG HUYỀN BÁ,Traditional Market,Phạm Thị Mai Chi,RETAIL,GROCERY,TRADITIONAL MARKET / GROCERY STORE / SPECIALTY STORE,FIXED LOCATION,,04/02/2025,,,,Có mặt bằng,,2
MOMOVBBE20250112,m4bvbbe20250112_141772,CHÂU VY,CHÂU VY,Other Retail,Phạm Thị Mai Chi,RETAIL,GROCERY,TRADITIONAL MARKET / GROCERY STORE / SPECIALTY STORE,FIXED LOCATION,,04/02/2025,,,,Có mặt bằng,,2
MOMOAWSN20250112,m4bawsn20250112_141759,CỬA HÀNG HOA THÚY,CỬA HÀNG HOA THÚY,Traditional Market,Phạm Thị Mai Chi,RETAIL,GROCERY,TRADITIONAL MARKET / GROCERY STORE / SPECIALTY STORE,FIXED LOCATION,,04/02/2025,,,,Có mặt bằng,,2
MOMOYGN420250112,m4bygn420250112_142034,TẠP HÓA CHỊ HƯỜNG,TẠP HÓA CHỊ HƯỜNG,Traditional Market,Phạm Thị Mai Chi,RETAIL,GROCERY,TRADITIONAL MARKET / GROCERY STORE / SPECIALTY STORE,FIXED LOCATION,,04/02/2025,,,,Có mặt bằng,,2
MOMOWGQ520250112,m4bwgq520250112_141889,HOA QUẢ NGUYỄN THOA,HOA QUẢ NGUYỄN THOA,Traditional Market,Phạm Thị Mai Chi,RETAIL,GROCERY,TRADITIONAL MARKET / GROCERY STORE / SPECIALTY STORE,MOBILE LOCATION,,04/02/2025,,,,Không có mặt bằng,,2
MOMOB3DY20250112,m4bb3dy20250112_141953,LẠP XƯỞNG NƯỚNG ĐÁ,LẠP XƯỞNG NƯỚNG ĐÁ,Street stall,Phạm Thị Mai Chi,FNB,FOOD,COMFORT FOOD / STREET FOOD,MOBILE LOCATION,,04/02/2025,,,,Không có mặt bằng,,2
MOMOPS0Z20250112,m4bps0z20250112_141766,TIỆM TÓC LYLY,TIỆM TÓC LYLY,Barber and Beauty Shops,Phạm Thị Mai Chi,SERVICE,BEAUTY & SPA,CLINIC / SALON,FIXED LOCATION,,04/02/2025,,,,Có mặt bằng,,2
MOMOOBRP20250112,m4bobrp20250112_141924,TẠP HOÁ THẢO NGUYỆT,TẠP HOÁ THẢO NGUYỆT,Traditional Market,Phạm Thị Mai Chi,RETAIL,GROCERY,TRADITIONAL MARKET / GROCERY STORE / SPECIALTY STORE,FIXED LOCATION,,04/02/2025,,,,Có mặt bằng,,2
MOMOWWV120250112,m4bwwv120250112_141852,QUẦY THUỐC THUỲ TRANG,QUẦY THUỐC THUỲ TRANG,Hospital Equiment,Phạm Thị Mai Chi,RETAIL,SHOPPING,HEALTH AND BEAUTY / DRUGSTORE,FIXED LOCATION,,04/02/2025,,,,Có mặt bằng,,2
MOMO6XGQ20250112,m4b6xgq20250112_141777,TẠP HOÁ NGỌC THƯƠNG,TẠP HOÁ NGỌC THƯƠNG,Traditional Market,Phạm Thị Mai Chi,RETAIL,GROCERY,TRADITIONAL MARKET / GROCERY STORE / SPECIALTY STORE,FIXED LOCATION,,04/02/2025,,,,Có mặt bằng,,2
MOMOS1TP20250112,m4bs1tp20250112_141824,MAI NGỌC HÀ,MAI NGỌC HÀ,Grocery,Phạm Thị Mai Chi,RETAIL,GROCERY,TRADITIONAL MARKET / GROCERY STORE / SPECIALTY STORE,MOBILE LOCATION,,04/02/2025,,,,Không có mặt bằng,,2
MOMOBNFR20250112,m4bbnfr20250112_142089,TẠP HÓA VỸ THƠM,TẠP HÓA VỸ THƠM,Traditional Market,Phạm Thị Mai Chi,RETAIL,GROCERY,TRADITIONAL MARKET / GROCERY STORE / SPECIALTY STORE,FIXED LOCATION,,04/02/2025,,,,Có mặt bằng,,2
MOMOGXS320250112,m4bgxs320250112_141757,CỬA HÀNG LINH HƯƠNG,CỬA HÀNG LINH HƯƠNG,Traditional Market,Phạm Thị Mai Chi,RETAIL,GROCERY,TRADITIONAL MARKET / GROCERY STORE / SPECIALTY STORE,FIXED LOCATION,,04/02/2025,,,,Có mặt bằng,,2
MOMORX2H20250112,m4brx2h20250112_141917,CAO TRUNG LONG,CAO TRUNG LONG,Other Retail,Phạm Thị Mai Chi,RETAIL,GROCERY,TRADITIONAL MARKET / GROCERY STORE / SPECIALTY STORE,MOBILE LOCATION,,04/02/2025,,,,Không có mặt bằng,,2
MOMOLQ2F20250112,m4blq2f20250112_141892,GIÀY DÉP NGUYỄN BÁ LƯU,GIÀY DÉP NGUYỄN BÁ LƯU,Shoes store,Phạm Thị Mai Chi,RETAIL,SHOPPING,FASHION / ACCESSORIES,FIXED LOCATION,,04/02/2025,,,,Có mặt bằng,,2
MOMOBYCB20250112,m4bbycb20250112_141916,QUÁN ĂN CHỊ NGÂN,QUÁN ĂN CHỊ NGÂN,Street stall,Phạm Thị Mai Chi,FNB,FOOD,COMFORT FOOD / STREET FOOD,MOBILE LOCATION,,04/02/2025,,,,Không có mặt bằng,,2
MOMO3HVS20250112,m4b3hvs20250112_141853,HOA QUẢ CÔ MINH,HOA QUẢ CÔ MINH,Traditional Market,Phạm Thị Mai Chi,RETAIL,GROCERY,TRADITIONAL MARKET / GROCERY STORE / SPECIALTY STORE,MOBILE LOCATION,,04/02/2025,,,,Không có mặt bằng,,2
MOMOJYCW20250112,m4bjycw20250112_141909,CỬA HÀNG HOA TƯƠI LAN ANH,CỬA HÀNG HOA TƯƠI LAN ANH,Traditional Market,Phạm Thị Mai Chi,RETAIL,GROCERY,TRADITIONAL MARKET / GROCERY STORE / SPECIALTY STORE,MOBILE LOCATION,,04/02/2025,,,,Không có mặt bằng,,2
MOMO32NR20250112,m4b32nr20250112_141847,CỬA HÀNG DŨNG THỦY,CỬA HÀNG DŨNG THỦY,Traditional Market,Phạm Thị Mai Chi,RETAIL,GROCERY,TRADITIONAL MARKET / GROCERY STORE / SPECIALTY STORE,FIXED LOCATION,,04/02/2025,,,,Có mặt bằng,,2
MOMOOQO420250112,m4boqo420250112_142088,SUNSHINE MILKTEA,SUNSHINE MILKTEA,Milk tea shop,Phạm Thị Mai Chi,FNB,BEVERAGE,MILK TEA,FIXED LOCATION,,04/02/2025,,,,Có mặt bằng,,2
MOMOZQFZ20250112,m4bzqfz20250112_141753,LÃ DUYÊN,LÃ DUYÊN,Clinic/Salon,Phạm Thị Mai Chi,SERVICE,BEAUTY & SPA,CLINIC / SALON,FIXED LOCATION,,04/02/2025,,,,Có mặt bằng,,2
MOMOT0FN20250112,m4bt0fn20250112_141818,TẠP HOÁ VÂN VÂN,TẠP HOÁ VÂN VÂN,Traditional Market,Phạm Thị Mai Chi,RETAIL,GROCERY,TRADITIONAL MARKET / GROCERY STORE / SPECIALTY STORE,FIXED LOCATION,,04/02/2025,,,,Có mặt bằng,,2
MOMOQ1FO20250112,m4bq1fo20250112_142093,BÁNH CUỐN,BÁNH CUỐN,Street stall,Phạm Thị Mai Chi,FNB,FOOD,COMFORT FOOD / STREET FOOD,MOBILE LOCATION,,04/02/2025,,,,Không có mặt bằng,,2
MOMOOHCV20250112,m4bohcv20250112_141806,SHOP HIỀN,SHOP HIỀN,Shoes store,Phạm Thị Mai Chi,RETAIL,SHOPPING,FASHION / ACCESSORIES,FIXED LOCATION,,04/02/2025,,,,Có mặt bằng,,2
MOMOWI8O20250112,m4bwi8o20250112_141840,TẠP HOÁ NGA NGUYÊN,TẠP HOÁ NGA NGUYÊN,Traditional Market,Phạm Thị Mai Chi,RETAIL,GROCERY,TRADITIONAL MARKET / GROCERY STORE / SPECIALTY STORE,FIXED LOCATION,,04/02/2025,,,,Có mặt bằng,,2
MOMOBI3W20250112,m4bbi3w20250112_141860,ĐÀO HỒNG,ĐÀO HỒNG,Street stall,Phạm Thị Mai Chi,FNB,FOOD,COMFORT FOOD / STREET FOOD,MOBILE LOCATION,,04/02/2025,,,,Không có mặt bằng,,2
MOMO7CSC20250112,m4b7csc20250112_141863,KHANH NAIL,KHANH NAIL,Spa/Massage,Phạm Thị Mai Chi,SERVICE,BEAUTY & SPA,SPA / MASSAGE,FIXED LOCATION,,04/02/2025,,,,Có mặt bằng,,2
MOMOEPQP20250112,m4bepqp20250112_141776,CỬA HÀNG NGỌC XUÂN,CỬA HÀNG NGỌC XUÂN,Traditional Market,Phạm Thị Mai Chi,RETAIL,GROCERY,TRADITIONAL MARKET / GROCERY STORE / SPECIALTY STORE,FIXED LOCATION,,04/02/2025,,,,Có mặt bằng,,2
MOMOT4A620250112,m4bt4a620250112_142080,LIÊN HÙNG,LIÊN HÙNG,Street stall,Phạm Thị Mai Chi,FNB,FOOD,COMFORT FOOD / STREET FOOD,MOBILE LOCATION,,04/02/2025,,,,Không có mặt bằng,,2
MOMOWYJ020250112,m4bwyj020250112_141739,TẠP HOÁ VINH DUYÊN,TẠP HOÁ VINH DUYÊN,Traditional Market,Phạm Thị Mai Chi,RETAIL,GROCERY,TRADITIONAL MARKET / GROCERY STORE / SPECIALTY STORE,FIXED LOCATION,,04/02/2025,,,,Có mặt bằng,,2
MOMOSBGG20250112,m4bsbgg20250112_141804,ALO QUÁN,ALO QUÁN,Street stall,Phạm Thị Mai Chi,FNB,FOOD,COMFORT FOOD / STREET FOOD,MOBILE LOCATION,,04/02/2025,,,,Không có mặt bằng,,2
MOMOSGCC20250112,m4bsgcc20250112_141807,HOÀNG THỊ BÌNH,HOÀNG THỊ BÌNH,Market,Phạm Thị Mai Chi,RETAIL,GROCERY,TRADITIONAL MARKET / GROCERY STORE / SPECIALTY STORE,MOBILE LOCATION,,04/02/2025,,,,Không có mặt bằng,,2
MOMO1K4Q20250112,m4b1k4q20250112_141848,CÔ BÔNG 337,CÔ BÔNG 337,Milk tea shop,Phạm Thị Mai Chi,FNB,BEVERAGE,MILK TEA,FIXED LOCATION,,04/02/2025,,,,Có mặt bằng,,2
MOMOFKWM20250112,m4bfkwm20250112_141769,TẠP HOÁ LY KIÊN,TẠP HOÁ LY KIÊN,Traditional Market,Phạm Thị Mai Chi,RETAIL,GROCERY,TRADITIONAL MARKET / GROCERY STORE / SPECIALTY STORE,FIXED LOCATION,,04/02/2025,,,,Có mặt bằng,,2
MOMOKW0B20250112,m4bkw0b20250112_141913,ĐẠI LÝ HƯỜNG PHƯỢNG,ĐẠI LÝ HƯỜNG PHƯỢNG,market,Phạm Thị Mai Chi,RETAIL,GROCERY,TRADITIONAL MARKET / GROCERY STORE / SPECIALTY STORE,MOBILE LOCATION,,04/02/2025,,,,Không có mặt bằng,,2
MOMOALOF20250112,m4balof20250112_141761,KHANH TỐT - ĐIỆN NƯỚC - GIA DỤNG,KHANH TỐT - ĐIỆN NƯỚC - GIA DỤNG,Other Retail,Phạm Thị Mai Chi,RETAIL,GROCERY,TRADITIONAL MARKET / GROCERY STORE / SPECIALTY STORE,FIXED LOCATION,,04/02/2025,,,,Có mặt bằng,,2
MOMOZIQC20250112,m4bziqc20250112_141862,GIÒ CHẢ THU HÀ,GIÒ CHẢ THU HÀ,market,Phạm Thị Mai Chi,RETAIL,GROCERY,TRADITIONAL MARKET / GROCERY STORE / SPECIALTY STORE,MOBILE LOCATION,,04/02/2025,,,,Không có mặt bằng,,2
MOMO1XQP20250112,m4b1xqp20250112_141933,QUẦY THỊT XIÊN LAN ANH,QUẦY THỊT XIÊN LAN ANH,Street stall,Phạm Thị Mai Chi,FNB,FOOD,COMFORT FOOD / STREET FOOD,MOBILE LOCATION,,04/02/2025,,,,Không có mặt bằng,,2
MOMOT1GW20250112,m4bt1gw20250112_141879,CỬA HÀNG VẠN XUÂN,CỬA HÀNG VẠN XUÂN,Traditional Market,Phạm Thị Mai Chi,RETAIL,GROCERY,TRADITIONAL MARKET / GROCERY STORE / SPECIALTY STORE,FIXED LOCATION,,04/02/2025,,,,Có mặt bằng,,2
MOMOYTGN20250112,m4bytgn20250112_141820,TẠP HOÁ HƯNG HÀ,TẠP HOÁ HƯNG HÀ,Traditional Market,Phạm Thị Mai Chi,RETAIL,GROCERY,TRADITIONAL MARKET / GROCERY STORE / SPECIALTY STORE,FIXED LOCATION,,04/02/2025,,,,Có mặt bằng,,2
MOMO1DUH20250112,m4b1duh20250112_141864,HOA QUẢ MAI BẮC,HOA QUẢ MAI BẮC,Traditional Market,Phạm Thị Mai Chi,RETAIL,GROCERY,TRADITIONAL MARKET / GROCERY STORE / SPECIALTY STORE,FIXED LOCATION,,04/02/2025,,,,Có mặt bằng,,2
MOMOPGKB20250112,m4bpgkb20250112_141954,DRAMA COFFEE,DRAMA COFFEE,Cafe shop,Phạm Thị Mai Chi,FNB,BEVERAGE,COFFEE,MOBILE LOCATION,,04/02/2025,,,,Không có mặt bằng,,2
MOMORUGZ20250112,m4brugz20250112_141940,TẠP HOÁ THẢNH THẮM,TẠP HOÁ THẢNH THẮM,Traditional Market,Phạm Thị Mai Chi,RETAIL,GROCERY,TRADITIONAL MARKET / GROCERY STORE / SPECIALTY STORE,MOBILE LOCATION,,04/02/2025,,,,Không có mặt bằng,,2
MOMOQVV020250112,m4bqvv020250112_141867,CỬA HÀNG ĐỖ THUỶ,CỬA HÀNG ĐỖ THUỶ,Traditional Market,Phạm Thị Mai Chi,RETAIL,GROCERY,TRADITIONAL MARKET / GROCERY STORE / SPECIALTY STORE,FIXED LOCATION,,04/02/2025,,,,Có mặt bằng,,2
MOMOSMYH20250112,m4bsmyh20250112_141796,TẠP HÓA CÔ LỰ,TẠP HÓA CÔ LỰ,Traditional Market,Phạm Thị Mai Chi,RETAIL,GROCERY,TRADITIONAL MARKET / GROCERY STORE / SPECIALTY STORE,FIXED LOCATION,,04/02/2025,,,,Có mặt bằng,,2
MOMOYIQG20250112,m4byiqg20250112_141792,TẠP HOÁ HỒNG SƠN,TẠP HOÁ HỒNG SƠN,Traditional Market,Phạm Thị Mai Chi,RETAIL,GROCERY,TRADITIONAL MARKET / GROCERY STORE / SPECIALTY STORE,FIXED LOCATION,,04/02/2025,,,,Có mặt bằng,,2
MOMOFIZH20250116,m4bfizh20250116_143867,TIỆM TRÀ AN THỊNH KENBAR,TIỆM TRÀ AN THỊNH KENBAR,Beverage,Phạm Thị Mai Chi,FNB,BEVERAGE,MILK TEA,MOBILE LOCATION,,13/02/2025,,,,Không có mặt bằng,,2
MOMOIZIB20250116,m4bizib20250116_143723,TẠP HÓA HOÀNG LẬP,TẠP HÓA HOÀNG LẬP,Traditional Market,Phạm Thị Mai Chi,RETAIL,GROCERY,TRADITIONAL MARKET / GROCERY STORE / SPECIALTY STORE,FIXED LOCATION,,13/02/2025,,,,Có mặt bằng,,2
MOMO0IHK20250116,m4b0ihk20250116_143916,NGUYỄN XUÂN QUÂN,NGUYỄN XUÂN QUÂN,Grocery,Phạm Thị Mai Chi,RETAIL,GROCERY,TRADITIONAL MARKET / GROCERY STORE / SPECIALTY STORE,MOBILE LOCATION,,13/02/2025,,,,Không có mặt bằng,,2
MOMOV1IE20250116,m4bv1ie20250116_143632,TẠP HOÁ VỮNG,TẠP HOÁ VỮNG,Traditional Market,Phạm Thị Mai Chi,RETAIL,GROCERY,TRADITIONAL MARKET / GROCERY STORE / SPECIALTY STORE,FIXED LOCATION,,13/02/2025,,,,Có mặt bằng,,2
MOMO0OOJ20250116,m4b0ooj20250116_143987,SẠP RAU HIẾU TRƯỜNG,SẠP RAU HIẾU TRƯỜNG,Traditional Market,Phạm Thị Mai Chi,RETAIL,GROCERY,TRADITIONAL MARKET / GROCERY STORE / SPECIALTY STORE,MOBILE LOCATION,,13/02/2025,,,,Không có mặt bằng,,2
MOMOA8ZR20250116,m4ba8zr20250116_143612,CỬA HÀNH XUYỀN HUỆ,CỬA HÀNH XUYỀN HUỆ,Traditional Market,Phạm Thị Mai Chi,RETAIL,GROCERY,TRADITIONAL MARKET / GROCERY STORE / SPECIALTY STORE,FIXED LOCATION,,13/02/2025,,,,Có mặt bằng,,2
MOMOGLD620250116,m4bgld620250116_143726,TIỆM ĐỒ CHƠI NAM BÌNH,TIỆM ĐỒ CHƠI NAM BÌNH,Shopping,Phạm Thị Mai Chi,RETAIL,SHOPPING,FASHION / ACCESSORIES,FIXED LOCATION,,13/02/2025,,,,Có mặt bằng,,2
MOMOOMWH20250116,m4bomwh20250116_143923,COFFEE KIM JONG NON,COFFEE KIM JONG NON,Beverage,Phạm Thị Mai Chi,FNB,BEVERAGE,COFFEE,FIXED LOCATION,,13/02/2025,,,,Có mặt bằng,,2
MOMOY5M220250116,m4by5m220250116_143890,TIỆM NHÀ NHUNG,TIỆM NHÀ NHUNG,Food and Beverage,Phạm Thị Mai Chi,FNB,FOOD,COMFORT FOOD / STREET FOOD,MOBILE LOCATION,,13/02/2025,,,,Không có mặt bằng,,2
MOMOKUX020250116,m4bkux020250116_143602,HOA QUẢ CHỊ HÀ,HOA QUẢ CHỊ HÀ,Traditional Market,Phạm Thị Mai Chi,RETAIL,GROCERY,TRADITIONAL MARKET / GROCERY STORE / SPECIALTY STORE,MOBILE LOCATION,,13/02/2025,,,,Không có mặt bằng,,2
MOMOVTSZ20250116,m4bvtsz20250116_143938,SIÊU THỊ MINI PHƯỢNG VỸ,SIÊU THỊ MINI PHƯỢNG VỸ,Retail,Phạm Thị Mai Chi,RETAIL,GROCERY,TRADITIONAL MARKET / GROCERY STORE / SPECIALTY STORE,FIXED LOCATION,,13/02/2025,,,,Có mặt bằng,,2
MOMOSYLH20250116,m4bsylh20250116_143661,ĐỒ CÂU THANH TUYẾT,ĐỒ CÂU THANH TUYẾT,Grocery,Phạm Thị Mai Chi,RETAIL,GROCERY,TRADITIONAL MARKET / GROCERY STORE / SPECIALTY STORE,FIXED LOCATION,,13/02/2025,,,,Có mặt bằng,,2
MOMOFXI720250116,m4bfxi720250116_143997,COFFEE NHỚ,COFFEE NHỚ,Beverage,Phạm Thị Mai Chi,FNB,BEVERAGE,COFFEE,MOBILE LOCATION,,13/02/2025,,,,Không có mặt bằng,,2
MOMO7YWO20250116,m4b7ywo20250116_143753,HEO SẠCH CƯƠNG TRANG,HEO SẠCH CƯƠNG TRANG,Retail,Phạm Thị Mai Chi,RETAIL,GROCERY,TRADITIONAL MARKET / GROCERY STORE / SPECIALTY STORE,MOBILE LOCATION,,13/02/2025,,,,Không có mặt bằng,,2
MOMOKRP820250116,m4bkrp820250116_143764,KARAOKE LỘNG GIÓ,KARAOKE LỘNG GIÓ,Sports,Phạm Thị Mai Chi,SERVICE,ENTERTAINMENT,SPORTS / RECREATION / PLAYGROUND,FIXED LOCATION,,13/02/2025,,,,Có mặt bằng,,2
MOMOE02S20250116,m4be02s20250116_143905,VƯƠNG THỊ HIỆP,VƯƠNG THỊ HIỆP,Food,Phạm Thị Mai Chi,FNB,FOOD,COMFORT FOOD / STREET FOOD,MOBILE LOCATION,,13/02/2025,,,,Không có mặt bằng,,2
MOMOLKJH20250116,m4blkjh20250116_143974,MA NGỌC THUYẾT,MA NGỌC THUYẾT,Retail,Phạm Thị Mai Chi,RETAIL,SHOPPING,HOME LIVING / ELECTRONICS,MOBILE LOCATION,,13/02/2025,,,,Không có mặt bằng,,2
MOMO2UQG20250116,m4b2uqg20250116_143838,GIẶT SẤY DARINA,GIẶT SẤY DARINA,Home & Maintenance,Phạm Thị Mai Chi,SERVICE,HOME & MAINTENANCE,LAUNDRY,FIXED LOCATION,,13/02/2025,,,,Có mặt bằng,,2
MOMONXKH20250116,m4bnxkh20250116_143884,ĐẠI LÝ THANH TUẤN,ĐẠI LÝ THANH TUẤN,Grocery,Phạm Thị Mai Chi,RETAIL,GROCERY,TRADITIONAL MARKET / GROCERY STORE / SPECIALTY STORE,FIXED LOCATION,,13/02/2025,,,,Có mặt bằng,,2
MOMOXQXK20250116,m4bxqxk20250116_143742,TẠP HOÁ ÁNH THU,TẠP HOÁ ÁNH THU,Traditional Market,Phạm Thị Mai Chi,RETAIL,GROCERY,TRADITIONAL MARKET / GROCERY STORE / SPECIALTY STORE,FIXED LOCATION,,13/02/2025,,,,Có mặt bằng,,2
MOMOMBWQ20250116,m4bmbwq20250116_143701,CỬA HÀNG CẨM NHUNG,CỬA HÀNG CẨM NHUNG,Traditional Market,Phạm Thị Mai Chi,RETAIL,GROCERY,TRADITIONAL MARKET / GROCERY STORE / SPECIALTY STORE,FIXED LOCATION,,13/02/2025,,,,Có mặt bằng,,2
MOMOP1R120250116,m4bp1r120250116_143643,ANH THAY SMART PHONE,ANH THAY SMART PHONE,Retail,Phạm Thị Mai Chi,RETAIL,SHOPPING,HOME LIVING / ELECTRONICS,FIXED LOCATION,,13/02/2025,,,,Có mặt bằng,,2
MOMOPMZX20250116,m4bpmzx20250116_143615,XÔI THỦY TIÊN,XÔI THỦY TIÊN,Food,Phạm Thị Mai Chi,FNB,FOOD,COMFORT FOOD / STREET FOOD,MOBILE LOCATION,,13/02/2025,,,,Không có mặt bằng,,2
MOMOK3CT20250116,m4bk3ct20250116_143982,HÀNG HOA - CAO THỊ THU,HÀNG HOA - CAO THỊ THU,Traditional Market,Phạm Thị Mai Chi,RETAIL,GROCERY,TRADITIONAL MARKET / GROCERY STORE / SPECIALTY STORE,MOBILE LOCATION,,13/02/2025,,,,Không có mặt bằng,,2
MOMOKL4F20250116,m4bkl4f20250116_143594,CỬA HÀNG HẰNG ĐẠT,CỬA HÀNG HẰNG ĐẠT,Traditional Market,Phạm Thị Mai Chi,RETAIL,GROCERY,TRADITIONAL MARKET / GROCERY STORE / SPECIALTY STORE,FIXED LOCATION,,13/02/2025,,,,Có mặt bằng,,2
MOMODNB720250116,m4bdnb720250116_143605,CỬA HÀNG HƯNG THỊNH,CỬA HÀNG HƯNG THỊNH,Traditional Market,Phạm Thị Mai Chi,RETAIL,GROCERY,TRADITIONAL MARKET / GROCERY STORE / SPECIALTY STORE,FIXED LOCATION,,13/02/2025,,,,Có mặt bằng,,2
MOMOPEGA20250116,m4bpega20250116_143592,RAU CỦ QUẢ BÀ THU,RAU CỦ QUẢ BÀ THU,Grocery,Phạm Thị Mai Chi,RETAIL,GROCERY,TRADITIONAL MARKET / GROCERY STORE / SPECIALTY STORE,FIXED LOCATION,,13/02/2025,,,,Có mặt bằng,,2
MOMOP21Y20250116,m4bp21y20250116_143683,TẠP HOÁ TẤN ANH,TẠP HOÁ TẤN ANH,Traditional Market,Phạm Thị Mai Chi,RETAIL,GROCERY,TRADITIONAL MARKET / GROCERY STORE / SPECIALTY STORE,FIXED LOCATION,,13/02/2025,,,,Có mặt bằng,,2
MOMORTPD20250116,m4brtpd20250116_143952,CÔ PHÚC,CÔ PHÚC,Food,Phạm Thị Mai Chi,FNB,FOOD,COMFORT FOOD / STREET FOOD,MOBILE LOCATION,,13/02/2025,,,,Không có mặt bằng,,2
MOMOGMOQ20250116,m4bgmoq20250116_143587,VĂN PHÒNG PHẨM HIẾU NGHĨA,VĂN PHÒNG PHẨM HIẾU NGHĨA,book store,Phạm Thị Mai Chi,RETAIL,SHOPPING,BOOKSTORE / TOYS,FIXED LOCATION,,13/02/2025,,,,Có mặt bằng,,2
MOMOAMGF20250116,m4bamgf20250116_143959,BÚN CÁ CÂY KHẾ,BÚN CÁ CÂY KHẾ,Food,Phạm Thị Mai Chi,FNB,FOOD,COMFORT FOOD / STREET FOOD,MOBILE LOCATION,,13/02/2025,,,,Không có mặt bằng,,2
MOMOEHYQ20250116,m4behyq20250116_143619,CỬA HÀNG VINH HƯƠNG,CỬA HÀNG VINH HƯƠNG,Traditional Market,Phạm Thị Mai Chi,RETAIL,GROCERY,TRADITIONAL MARKET / GROCERY STORE / SPECIALTY STORE,MOBILE LOCATION,,13/02/2025,,,,Không có mặt bằng,,2
MOMOLZ6D20250116,m4blz6d20250116_143958,HÀNG MÃ LUÂN THU,HÀNG MÃ LUÂN THU,Grocery,Phạm Thị Mai Chi,RETAIL,GROCERY,TRADITIONAL MARKET / GROCERY STORE / SPECIALTY STORE,FIXED LOCATION,,13/02/2025,,,,Có mặt bằng,,2
MOMOCG3Y20250116,m4bcg3y20250116_143642,PS87,PS87,Sports,Phạm Thị Mai Chi,SERVICE,ENTERTAINMENT,SPORTS / RECREATION / PLAYGROUND,FIXED LOCATION,,13/02/2025,,,,Có mặt bằng,,2
MOMOIHQ520250116,m4bihq520250116_143649,VĨNH TOMMY,VĨNH TOMMY,Retail,Phạm Thị Mai Chi,RETAIL,SHOPPING,HOME LIVING / ELECTRONICS,FIXED LOCATION,,13/02/2025,,,,Có mặt bằng,,2
MOMOI4ZL20250116,m4bi4zl20250116_143921,TRÀ SỮA ĐỒ ĂN VẶT BẢO NGỌC,TRÀ SỮA ĐỒ ĂN VẶT BẢO NGỌC,Beverage,Phạm Thị Mai Chi,FNB,BEVERAGE,MILK TEA,FIXED LOCATION,,13/02/2025,,,,Có mặt bằng,,2
MOMOPIO220250116,m4bpio220250116_143668,CỬA HÀNG THIẾT BỊ - LÝ,CỬA HÀNG THIẾT BỊ - LÝ,Traditional Market,Phạm Thị Mai Chi,RETAIL,GROCERY,TRADITIONAL MARKET / GROCERY STORE / SPECIALTY STORE,FIXED LOCATION,,13/02/2025,,,,Có mặt bằng,,2
MOMO6RCF20250116,m4b6rcf20250116_143736,CỬA HÀNG TUYN HUYỀN,CỬA HÀNG TUYN HUYỀN,Traditional Market,Phạm Thị Mai Chi,RETAIL,GROCERY,TRADITIONAL MARKET / GROCERY STORE / SPECIALTY STORE,FIXED LOCATION,,13/02/2025,,,,Có mặt bằng,,2
MOMO1CLE20250116,m4b1cle20250116_143935,BÁCH HOÁ VINH HỒNG,BÁCH HOÁ VINH HỒNG,Grocery,Phạm Thị Mai Chi,RETAIL,GROCERY,TRADITIONAL MARKET / GROCERY STORE / SPECIALTY STORE,FIXED LOCATION,,13/02/2025,,,,Có mặt bằng,,2
MOMOQ46B20250116,m4bq46b20250116_143906,TẠP HOÁ CÔ HẰNG,TẠP HOÁ CÔ HẰNG,Traditional Market,Phạm Thị Mai Chi,RETAIL,GROCERY,TRADITIONAL MARKET / GROCERY STORE / SPECIALTY STORE,FIXED LOCATION,,13/02/2025,,,,Có mặt bằng,,2
MOMOMBR120250116,m4bmbr120250116_143969,TẠP HOÁ BÉ HÂN,TẠP HOÁ BÉ HÂN,Traditional Market,Phạm Thị Mai Chi,RETAIL,GROCERY,TRADITIONAL MARKET / GROCERY STORE / SPECIALTY STORE,FIXED LOCATION,,13/02/2025,,,,Có mặt bằng,,2
MOMODFVD20250116,m4bdfvd20250116_143939,HỒ THỊ KIM ANH,HỒ THỊ KIM ANH,Retail,Phạm Thị Mai Chi,RETAIL,SHOPPING,HOME LIVING / ELECTRONICS,FIXED LOCATION,,13/02/2025,,,,Có mặt bằng,,2
MOMOENXJ20250116,m4benxj20250116_144024,NHÀ THUỐC HUY HOÀNG,NHÀ THUỐC HUY HOÀNG,Hospital Equiment,Phạm Thị Mai Chi,RETAIL,SHOPPING,HEALTH AND BEAUTY / DRUGSTORE,MOBILE LOCATION,,13/02/2025,,,,Không có mặt bằng,,2
MOMO7IMZ20250116,m4b7imz20250116_143706,TRÁI CÂY - LÊ BÁ DUY,TRÁI CÂY - LÊ BÁ DUY,Grocery,Phạm Thị Mai Chi,RETAIL,GROCERY,TRADITIONAL MARKET / GROCERY STORE / SPECIALTY STORE,MOBILE LOCATION,,13/02/2025,,,,Không có mặt bằng,,2
MOMODWOH20250116,m4bdwoh20250116_143702,BÚN CÁ SƠN NHẤT,BÚN CÁ SƠN NHẤT,Food,Phạm Thị Mai Chi,FNB,FOOD,COMFORT FOOD / STREET FOOD,MOBILE LOCATION,,13/02/2025,,,,Không có mặt bằng,,2
MOMOAQUE20250116,m4baque20250116_143862,ĐỒ NHỰA TRANG TRỌNG,ĐỒ NHỰA TRANG TRỌNG,Retail,Phạm Thị Mai Chi,RETAIL,SHOPPING,HOME LIVING / ELECTRONICS,FIXED LOCATION,,13/02/2025,,,,Có mặt bằng,,2
MOMOAFJL20250116,m4bafjl20250116_143625,HỮU PHƯƠNG MOTOR,HỮU PHƯƠNG MOTOR,Car/ Motor service,Phạm Thị Mai Chi,SERVICE,HOME & MAINTENANCE,AUTO MAINTENANCE,FIXED LOCATION,,13/02/2025,,,,Có mặt bằng,,2
MOMOYAEE20250116,m4byaee20250116_143586,ĐẠI LÝ TẠP HOÁ TÂM LIÊN,ĐẠI LÝ TẠP HOÁ TÂM LIÊN,Traditional Market,Phạm Thị Mai Chi,RETAIL,GROCERY,TRADITIONAL MARKET / GROCERY STORE / SPECIALTY STORE,FIXED LOCATION,,13/02/2025,,,,Có mặt bằng,,2
MOMO017B20250116,m4b017b20250116_144000,NGUYỄN THỊ HOA,NGUYỄN THỊ HOA,Traditional Market,Phạm Thị Mai Chi,RETAIL,GROCERY,TRADITIONAL MARKET / GROCERY STORE / SPECIALTY STORE,MOBILE LOCATION,,13/02/2025,,,,Không có mặt bằng,,2
MOMO25Q020250116,m4b25q020250116_143638,HUY SHIPPER SPX,HUY SHIPPER SPX,Retail,Phạm Thị Mai Chi,RETAIL,SHOPPING,HOME LIVING / ELECTRONICS,MOBILE LOCATION,,13/02/2025,,,,Không có mặt bằng,,2
MOMOJK0V20250116,m4bjk0v20250116_143966,PHÚC AN,PHÚC AN,Retail,Phạm Thị Mai Chi,RETAIL,SHOPPING,HOME LIVING / ELECTRONICS,FIXED LOCATION,,13/02/2025,,,,Có mặt bằng,,2
MOMO3A8Z20250116,m4b3a8z20250116_143791,HẢI SẢN NAM ĐỊNH,HẢI SẢN NAM ĐỊNH,Retail,Phạm Thị Mai Chi,RETAIL,GROCERY,TRADITIONAL MARKET / GROCERY STORE / SPECIALTY STORE,FIXED LOCATION,,13/02/2025,,,,Có mặt bằng,,2
MOMOQOK120250116,m4bqok120250116_144012,TẠP HOÁ PHƯƠNG VIÊN,TẠP HOÁ PHƯƠNG VIÊN,Traditional Market,Phạm Thị Mai Chi,RETAIL,GROCERY,TRADITIONAL MARKET / GROCERY STORE / SPECIALTY STORE,FIXED LOCATION,,13/02/2025,,,,Có mặt bằng,,2
MOMORVWG20250116,m4brvwg20250116_143686,TẠP HOÁ NHUNG ĐĂNG,TẠP HOÁ NHUNG ĐĂNG,Traditional Market,Phạm Thị Mai Chi,RETAIL,GROCERY,TRADITIONAL MARKET / GROCERY STORE / SPECIALTY STORE,FIXED LOCATION,,13/02/2025,,,,Có mặt bằng,,2
MOMOJPSM20250116,m4bjpsm20250116_143695,DƯỢC SĨ NGUYỄN LAN,DƯỢC SĨ NGUYỄN LAN,Pharmarcy/ Cosmetics,Phạm Thị Mai Chi,RETAIL,SHOPPING,HEALTH AND BEAUTY / DRUGSTORE,FIXED LOCATION,,13/02/2025,,,,Có mặt bằng,,2
MOMOJ7GB20250116,m4bj7gb20250116_143768,QUẦY THỊT-BÙI THỊ HOÀI,QUẦY THỊT-BÙI THỊ HOÀI,Grocery,Phạm Thị Mai Chi,RETAIL,GROCERY,TRADITIONAL MARKET / GROCERY STORE / SPECIALTY STORE,MOBILE LOCATION,,13/02/2025,,,,Không có mặt bằng,,2
MOMORGF120250116,m4brgf120250116_143735,HOÀI BARBER SHOP,HOÀI BARBER SHOP,Barber and Beauty Shops,Phạm Thị Mai Chi,SERVICE,BEAUTY & SPA,CLINIC / SALON,FIXED LOCATION,,13/02/2025,,,,Có mặt bằng,,2
MOMO6QLH20250116,m4b6qlh20250116_143834,HOA QUẢ CHỊ NHÀN,HOA QUẢ CHỊ NHÀN,Traditional Market,Phạm Thị Mai Chi,RETAIL,GROCERY,TRADITIONAL MARKET / GROCERY STORE / SPECIALTY STORE,FIXED LOCATION,,13/02/2025,,,,Có mặt bằng,,2
MOMOOYI020250116,m4boyi020250116_143582,BÁNH MÌ GÀ JULY,BÁNH MÌ GÀ JULY,Food and Beverage,Phạm Thị Mai Chi,FNB,FOOD,COMFORT FOOD / STREET FOOD,MOBILE LOCATION,,13/02/2025,,,,Không có mặt bằng,,2
MOMOEGRU20250116,m4begru20250116_143828,QUẦY GẠO K21 CÔ THOA,QUẦY GẠO K21 CÔ THOA,Grocery,Phạm Thị Mai Chi,RETAIL,GROCERY,TRADITIONAL MARKET / GROCERY STORE / SPECIALTY STORE,FIXED LOCATION,,13/02/2025,,,,Có mặt bằng,,2
MOMO9BLW20250116,m4b9blw20250116_143853,GIÀY DÉP MẠNH ĐIỆP,GIÀY DÉP MẠNH ĐIỆP,Shopping,Phạm Thị Mai Chi,RETAIL,SHOPPING,FASHION / ACCESSORIES,FIXED LOCATION,,13/02/2025,,,,Có mặt bằng,,2
MOMOC6UP20250116,m4bc6up20250116_143698,SẠP THỰC PHẨM HÀ NỘI CHỊ NHUNG,SẠP THỰC PHẨM HÀ NỘI CHỊ NHUNG,Traditional Market,Phạm Thị Mai Chi,RETAIL,GROCERY,TRADITIONAL MARKET / GROCERY STORE / SPECIALTY STORE,MOBILE LOCATION,,13/02/2025,,,,Không có mặt bằng,,2
MOMOMCLS20250116,m4bmcls20250116_143593,BILLIARD CLUB 262,BILLIARD CLUB 262,Sports,Phạm Thị Mai Chi,SERVICE,ENTERTAINMENT,SPORTS / RECREATION / PLAYGROUND,FIXED LOCATION,,13/02/2025,,,,Có mặt bằng,,2
MOMOSXRI20250116,m4bsxri20250116_143871,TRẦN DŨNG,TRẦN DŨNG,Retail,Phạm Thị Mai Chi,RETAIL,SHOPPING,HOME LIVING / ELECTRONICS,FIXED LOCATION,,13/02/2025,,,,Có mặt bằng,,2
MOMONM5320250116,m4bnm5320250116_143656,HOÀNG THỊ LÊ LIÊN,HOÀNG THỊ LÊ LIÊN,Food and Beverage,Phạm Thị Mai Chi,FNB,FOOD,COMFORT FOOD / STREET FOOD,MOBILE LOCATION,,13/02/2025,,,,Không có mặt bằng,,2
MOMOBXMU20250116,m4bbxmu20250116_143978,QUÁN ĂN SÁNG TRẤN THẮM,QUÁN ĂN SÁNG TRẤN THẮM,Food and Beverage,Phạm Thị Mai Chi,FNB,FOOD,COMFORT FOOD / STREET FOOD,MOBILE LOCATION,,13/02/2025,,,,Không có mặt bằng,,2
MOMOPLEK20250116,m4bplek20250116_143713,HẢI MINH YẾN MỸ PHẨM,HẢI MINH YẾN MỸ PHẨM,Retail,Phạm Thị Mai Chi,RETAIL,SHOPPING,HOME LIVING / ELECTRONICS,FIXED LOCATION,,13/02/2025,,,,Có mặt bằng,,2
MOMO5WZZ20250116,m4b5wzz20250116_143918,LỀU THỊ CHUYÊN,LỀU THỊ CHUYÊN,Retail,Phạm Thị Mai Chi,RETAIL,SHOPPING,HOME LIVING / ELECTRONICS,FIXED LOCATION,,13/02/2025,,,,Có mặt bằng,,2
MOMOSCBP20250116,m4bscbp20250116_144017,PHÒNG KHÁM ĐÔNG Y,PHÒNG KHÁM ĐÔNG Y,Retail,Phạm Thị Mai Chi,SERVICE,HEALTH & MEDICAL,HOSPITAL,FIXED LOCATION,,13/02/2025,,,,Có mặt bằng,,2
MOMOKFFH20250116,m4bkffh20250116_143949,ĂN NHANH NGUYỄN THỊ PHƯƠNG,ĂN NHANH NGUYỄN THỊ PHƯƠNG,Food,Phạm Thị Mai Chi,FNB,FOOD,COMFORT FOOD / STREET FOOD,MOBILE LOCATION,,13/02/2025,,,,Không có mặt bằng,,2
MOMORO3S20250116,m4bro3s20250116_143600,QUÁN CƯỜNG CHUỐI CHIÊN,QUÁN CƯỜNG CHUỐI CHIÊN,Food and Beverage,Phạm Thị Mai Chi,FNB,FOOD,COMFORT FOOD / STREET FOOD,MOBILE LOCATION,,13/02/2025,,,,Không có mặt bằng,,2
MOMOYZAY20250116,m4byzay20250116_143714,CỬA HÀNG LÊ NGA,CỬA HÀNG LÊ NGA,Traditional Market,Phạm Thị Mai Chi,RETAIL,GROCERY,TRADITIONAL MARKET / GROCERY STORE / SPECIALTY STORE,FIXED LOCATION,,13/02/2025,,,,Có mặt bằng,,2
MOMOIR8C20250116,m4bir8c20250116_143956,NGUYỄN XUÂN ĐẠI,NGUYỄN XUÂN ĐẠI,Food and Beverage,Phạm Thị Mai Chi,FNB,FOOD,COMFORT FOOD / STREET FOOD,MOBILE LOCATION,,13/02/2025,,,,Không có mặt bằng,,2
MOMOHXMY20250116,m4bhxmy20250116_143932,GIÒ CHẢ DUNG TUYẾN 1,GIÒ CHẢ DUNG TUYẾN 1,Retail,Phạm Thị Mai Chi,RETAIL,GROCERY,TRADITIONAL MARKET / GROCERY STORE / SPECIALTY STORE,FIXED LOCATION,,13/02/2025,,,,Có mặt bằng,,2
MOMOBBL420250116,m4bbbl420250116_143922,CỬA HÀNG BIÊN NHIÊN,CỬA HÀNG BIÊN NHIÊN,Traditional Market,Phạm Thị Mai Chi,RETAIL,GROCERY,TRADITIONAL MARKET / GROCERY STORE / SPECIALTY STORE,FIXED LOCATION,,13/02/2025,,,,Có mặt bằng,,2
MOMOR5AF20250102,m4br5af20250102_135559,MOJIN,MOJIN,Grocery,Phạm Thị Mai Chi,RETAIL,GROCERY,TRADITIONAL MARKET / GROCERY STORE / SPECIALTY STORE,FIXED LOCATION,,13/02/2025,,,,Có mặt bằng,,2
MOMOZAW020250103,m4bzaw020250103_136712,TẠP HOÁ CÔ ÚT,TẠP HOÁ CÔ ÚT,Traditional Market,Phạm Thị Mai Chi,RETAIL,GROCERY,TRADITIONAL MARKET / GROCERY STORE / SPECIALTY STORE,FIXED LOCATION,,13/02/2025,,,,Có mặt bằng,,2
MOMOREGV20250104,m4bregv20250104_137152,HOA QUẢ SẠCH HOÀI LONG,HOA QUẢ SẠCH HOÀI LONG,Traditional Market,Phạm Thị Mai Chi,RETAIL,GROCERY,TRADITIONAL MARKET / GROCERY STORE / SPECIALTY STORE,FIXED LOCATION,,13/02/2025,,,,Có mặt bằng,,2
MOMOZXBM20250104,m4bzxbm20250104_137116,VÂN SƠN,VÂN SƠN,Grocery,Phạm Thị Mai Chi,RETAIL,GROCERY,TRADITIONAL MARKET / GROCERY STORE / SPECIALTY STORE,FIXED LOCATION,,13/02/2025,,,,Có mặt bằng,,2
MOMOD1XM20250104,m4bd1xm20250104_137088,BÁNH MÌ HEO QUAY,BÁNH MÌ HEO QUAY,Food,Phạm Thị Mai Chi,FNB,FOOD,COMFORT FOOD / STREET FOOD,MOBILE LOCATION,,13/02/2025,,,,Không có mặt bằng,,2
MOMOFZKI20250104,m4bfzki20250104_137089,TẠP HOÁ PHƯƠNG NAM,TẠP HOÁ PHƯƠNG NAM,Traditional Market,Phạm Thị Mai Chi,RETAIL,GROCERY,TRADITIONAL MARKET / GROCERY STORE / SPECIALTY STORE,FIXED LOCATION,,13/02/2025,,,,Có mặt bằng,,2
MOMODD5N20250106,m4bdd5n20250106_138732,TẠP HOÁ 405,TẠP HOÁ 405,Traditional Market,Phạm Thị Mai Chi,RETAIL,GROCERY,TRADITIONAL MARKET / GROCERY STORE / SPECIALTY STORE,FIXED LOCATION,,13/02/2025,,,,Có mặt bằng,,2
MOMOACSK20250106,m4bacsk20250106_138991,TIỆM ỐNG NƯỚC HOÀNG,TIỆM ỐNG NƯỚC HOÀNG,Electronic accessories,Phạm Thị Mai Chi,RETAIL,SHOPPING,HOME LIVING / ELECTRONICS,FIXED LOCATION,,13/02/2025,,,,Có mặt bằng,,2
MOMOKVMM20250106,m4bkvmm20250106_139059,PHÒNG KHÁM DR VINH,PHÒNG KHÁM DR VINH,Shopping,Phạm Thị Mai Chi,RETAIL,SHOPPING,FASHION / ACCESSORIES,FIXED LOCATION,,13/02/2025,,,,Có mặt bằng,,2
MOMOHMVM20250106,m4bhmvm20250106_138611,MINI MARKET,MINI MARKET,Grocery,Phạm Thị Mai Chi,RETAIL,GROCERY,TRADITIONAL MARKET / GROCERY STORE / SPECIALTY STORE,FIXED LOCATION,,13/02/2025,,,,Có mặt bằng,,2
MOMOY3ZF20250108,m4by3zf20250108_140177,TRẦN HẢI MOBILE,TRẦN HẢI MOBILE,Electronic accessories,Phạm Thị Mai Chi,RETAIL,SHOPPING,HOME LIVING / ELECTRONICS,FIXED LOCATION,,13/02/2025,,,,Có mặt bằng,,2
MOMOCWHT20250117,m4bcwht20250117_144324,GỐM XỨ TY DƯƠNG,GỐM XỨ TY DƯƠNG,Retail,Phạm Thị Mai Chi,RETAIL,SHOPPING,HOME LIVING / ELECTRONICS,FIXED LOCATION,,13/02/2025,,,,Có mặt bằng,,2
MOMOQSU220250117,m4bqsu220250117_144406,MÁY TÍNH TRUNG KIÊN,MÁY TÍNH TRUNG KIÊN,Retail,Phạm Thị Mai Chi,RETAIL,SHOPPING,HOME LIVING / ELECTRONICS,FIXED LOCATION,,13/02/2025,,,,Có mặt bằng,,2
MOMOUDMH20250117,m4budmh20250117_144329,TẠP HOÁ HƯƠNG ĐẠI,TẠP HOÁ HƯƠNG ĐẠI,Traditional Market,Phạm Thị Mai Chi,RETAIL,GROCERY,TRADITIONAL MARKET / GROCERY STORE / SPECIALTY STORE,FIXED LOCATION,,13/02/2025,,,,Có mặt bằng,,2
MOMO2BF520250117,m4b2bf520250117_144260,TIỆM HOA HIỂN LUYÊN,TIỆM HOA HIỂN LUYÊN,Traditional Market,Phạm Thị Mai Chi,RETAIL,GROCERY,TRADITIONAL MARKET / GROCERY STORE / SPECIALTY STORE,FIXED LOCATION,,13/02/2025,,,,Có mặt bằng,,2
MOMOKUXZ20250117,m4bkuxz20250117_144460,CÔ SINH,CÔ SINH,Retail,Phạm Thị Mai Chi,RETAIL,SHOPPING,HOME LIVING / ELECTRONICS,FIXED LOCATION,,13/02/2025,,,,Có mặt bằng,,2
MOMOMRCS20250117,m4bmrcs20250117_144149,SẠP THỊT BÌNH,SẠP THỊT BÌNH,Traditional Market,Phạm Thị Mai Chi,RETAIL,GROCERY,TRADITIONAL MARKET / GROCERY STORE / SPECIALTY STORE,MOBILE LOCATION,,13/02/2025,,,,Không có mặt bằng,,2
MOMOPRPA20250117,m4bprpa20250117_144403,NHÀ THUỐC TÂN DƯỢC,NHÀ THUỐC TÂN DƯỢC,Hospital Equiment,Phạm Thị Mai Chi,RETAIL,SHOPPING,HEALTH AND BEAUTY / DRUGSTORE,FIXED LOCATION,,13/02/2025,,,,Có mặt bằng,,2
MOMORWOU20250117,m4brwou20250117_144366,TẠP HOÁ HIỀN TÂM,TẠP HOÁ HIỀN TÂM,Traditional Market,Phạm Thị Mai Chi,RETAIL,GROCERY,TRADITIONAL MARKET / GROCERY STORE / SPECIALTY STORE,FIXED LOCATION,,13/02/2025,,,,Có mặt bằng,,2
MOMOGOTE20250117,m4bgote20250117_144110,CÀ PHÊ ĐÓ,CÀ PHÊ ĐÓ,Beverage,Phạm Thị Mai Chi,FNB,BEVERAGE,COFFEE,FIXED LOCATION,,13/02/2025,,,,Có mặt bằng,,2
MOMOGXTD20250117,m4bgxtd20250117_144288,SẠP THỊT CÔ HƯƠNG THÀNH,SẠP THỊT CÔ HƯƠNG THÀNH,Traditional Market,Phạm Thị Mai Chi,RETAIL,GROCERY,TRADITIONAL MARKET / GROCERY STORE / SPECIALTY STORE,MOBILE LOCATION,,13/02/2025,,,,Không có mặt bằng,,2
MOMOLUXA20250117,m4bluxa20250117_144249,TẠP HOÁ HOÀ HỢP,TẠP HOÁ HOÀ HỢP,Traditional Market,Phạm Thị Mai Chi,RETAIL,GROCERY,TRADITIONAL MARKET / GROCERY STORE / SPECIALTY STORE,FIXED LOCATION,,13/02/2025,,,,Có mặt bằng,,2
MOMOWQKH20250117,m4bwqkh20250117_144348,TẠP HOÁ 86,TẠP HOÁ 86,Traditional Market,Phạm Thị Mai Chi,RETAIL,GROCERY,TRADITIONAL MARKET / GROCERY STORE / SPECIALTY STORE,FIXED LOCATION,,13/02/2025,,,,Có mặt bằng,,2
MOMOT23M20250117,m4bt23m20250117_144213,CỬA HÀNG TIỆN LỢI KIM SEN,CỬA HÀNG TIỆN LỢI KIM SEN,Traditional Market,Phạm Thị Mai Chi,RETAIL,GROCERY,TRADITIONAL MARKET / GROCERY STORE / SPECIALTY STORE,FIXED LOCATION,,13/02/2025,,,,Có mặt bằng,,2
MOMO03LU20250117,m4b03lu20250117_144138,ĐOÀN THỊ TƯƠI,ĐOÀN THỊ TƯƠI,Retail,Phạm Thị Mai Chi,RETAIL,SHOPPING,HOME LIVING / ELECTRONICS,MOBILE LOCATION,,13/02/2025,,,,Không có mặt bằng,,2
MOMO68VB20250117,m4b68vb20250117_144117,CỬA HÀNG ĐỨC LỢI,CỬA HÀNG ĐỨC LỢI,Traditional Market,Phạm Thị Mai Chi,RETAIL,GROCERY,TRADITIONAL MARKET / GROCERY STORE / SPECIALTY STORE,FIXED LOCATION,,13/02/2025,,,,Có mặt bằng,,2
MOMO7KL620250117,m4b7kl620250117_144098,TẠP HOÁ TUYẾT MAI,TẠP HOÁ TUYẾT MAI,Traditional Market,Phạm Thị Mai Chi,RETAIL,GROCERY,TRADITIONAL MARKET / GROCERY STORE / SPECIALTY STORE,FIXED LOCATION,,13/02/2025,,,,Có mặt bằng,,2
MOMOZINX20250117,m4bzinx20250117_144277,CÁ KHOA THƠM,CÁ KHOA THƠM,Grocery,Phạm Thị Mai Chi,RETAIL,GROCERY,TRADITIONAL MARKET / GROCERY STORE / SPECIALTY STORE,MOBILE LOCATION,,13/02/2025,,,,Không có mặt bằng,,2
MOMOA9HS20250117,m4ba9hs20250117_144205,TÀI THÔI,TÀI THÔI,Retail,Phạm Thị Mai Chi,RETAIL,SHOPPING,HOME LIVING / ELECTRONICS,FIXED LOCATION,,13/02/2025,,,,Có mặt bằng,,2
MOMO97RI20250117,m4b97ri20250117_144443,GÀ NGON CÔ SÁU,GÀ NGON CÔ SÁU,Retail,Phạm Thị Mai Chi,FNB,FOOD,COMFORT FOOD / STREET FOOD,MOBILE LOCATION,,13/02/2025,,,,Không có mặt bằng,,2
MOMOB5CG20250117,m4bb5cg20250117_144411,NHÀ THUỐC THU HẰNG,NHÀ THUỐC THU HẰNG,Hospital Equiment,Phạm Thị Mai Chi,SERVICE,HEALTH & MEDICAL,HEALTH AND BEAUTY / DRUGSTORE,FIXED LOCATION,,13/02/2025,,,,Có mặt bằng,,2
MOMONBWA20250117,m4bnbwa20250117_144272,NHUNG TRÁI CÂY,NHUNG TRÁI CÂY,Retail,Phạm Thị Mai Chi,RETAIL,GROCERY,TRADITIONAL MARKET / GROCERY STORE / SPECIALTY STORE,FIXED LOCATION,,13/02/2025,,,,Có mặt bằng,,2
MOMO7UWQ20250116,m4b7uwq20250116_144134,GIẶT LÀ SINH VIÊN LÊ TRANG,GIẶT LÀ SINH VIÊN LÊ TRANG,Home & Maintenance,Phạm Thị Mai Chi,SERVICE,HOME & MAINTENANCE,LAUNDRY,FIXED LOCATION,,13/02/2025,,,,Có mặt bằng,,2
MOMONYKS20250117,m4bnyks20250117_144364,HỒNG NGA,HỒNG NGA,Retail,Phạm Thị Mai Chi,RETAIL,SHOPPING,HOME LIVING / ELECTRONICS,FIXED LOCATION,,13/02/2025,,,,Có mặt bằng,,2
MOMOY4TK20250117,m4by4tk20250117_144139,TẠP HOÁ NGOAN HUẾ,TẠP HOÁ NGOAN HUẾ,Traditional Market,Phạm Thị Mai Chi,RETAIL,GROCERY,TRADITIONAL MARKET / GROCERY STORE / SPECIALTY STORE,FIXED LOCATION,,13/02/2025,,,,Có mặt bằng,,2
MOMOZCI520250117,m4bzci520250117_144387,NHẬN GỬI HÀNG,NHẬN GỬI HÀNG,Retail,Phạm Thị Mai Chi,RETAIL,SHOPPING,HOME LIVING / ELECTRONICS,FIXED LOCATION,,13/02/2025,,,,Có mặt bằng,,2
MOMO8S9U20250117,m4b8s9u20250117_144438,CỬA HÀNG SEN HỢI,CỬA HÀNG SEN HỢI,Traditional Market,Phạm Thị Mai Chi,RETAIL,GROCERY,TRADITIONAL MARKET / GROCERY STORE / SPECIALTY STORE,MOBILE LOCATION,,13/02/2025,,,,Không có mặt bằng,,2
MOMOIJHP20250117,m4bijhp20250117_144419,CỬA HÀNG CHUNG KHẮC,CỬA HÀNG CHUNG KHẮC,Traditional Market,Phạm Thị Mai Chi,RETAIL,GROCERY,TRADITIONAL MARKET / GROCERY STORE / SPECIALTY STORE,FIXED LOCATION,,13/02/2025,,,,Có mặt bằng,,2
MOMOWFHM20250117,m4bwfhm20250117_144097,MẠNH CUA,MẠNH CUA,Food and Beverage,Phạm Thị Mai Chi,FNB,FOOD,COMFORT FOOD / STREET FOOD,MOBILE LOCATION,,13/02/2025,,,,Không có mặt bằng,,2
MOMOCEH420250117,m4bceh420250117_144431,CỬA HÀNG TẠP HOÁ CHỊ TÁM,CỬA HÀNG TẠP HOÁ CHỊ TÁM,Traditional Market,Phạm Thị Mai Chi,RETAIL,GROCERY,TRADITIONAL MARKET / GROCERY STORE / SPECIALTY STORE,FIXED LOCATION,,13/02/2025,,,,Có mặt bằng,,2
MOMO79V920250117,m4b79v920250117_145093,TẠP HOÁ KITTY,TẠP HOÁ KITTY,Traditional Market,Phạm Thị Mai Chi,RETAIL,GROCERY,TRADITIONAL MARKET / GROCERY STORE / SPECIALTY STORE,FIXED LOCATION,,13/02/2025,,,,Có mặt bằng,,2
MOMODPLK20250117,m4bdplk20250117_144436,TẠP HOÁ CHỊ TUYẾT,TẠP HOÁ CHỊ TUYẾT,Traditional Market,Phạm Thị Mai Chi,RETAIL,GROCERY,TRADITIONAL MARKET / GROCERY STORE / SPECIALTY STORE,MOBILE LOCATION,,13/02/2025,,,,Không có mặt bằng,,2
MOMOYVCF20250117,m4byvcf20250117_144172,THE GLASS STUDIO,THE GLASS STUDIO,Retail,Phạm Thị Mai Chi,RETAIL,SHOPPING,HOME LIVING / ELECTRONICS,MOBILE LOCATION,,13/02/2025,,,,Không có mặt bằng,,2
MOMOUQV220250117,m4buqv220250117_144416,CREAMY,CREAMY,Beverage,Phạm Thị Mai Chi,FNB,BEVERAGE,COFFEE,MOBILE LOCATION,,13/02/2025,,,,Không có mặt bằng,,2
MOMOGXZH20250117,m4bgxzh20250117_144397,TẠP HOÁ CHÍNH CẢI,TẠP HOÁ CHÍNH CẢI,Traditional Market,Phạm Thị Mai Chi,RETAIL,GROCERY,TRADITIONAL MARKET / GROCERY STORE / SPECIALTY STORE,FIXED LOCATION,,13/02/2025,,,,Có mặt bằng,,2
MOMO2ZZE20250117,m4b2zze20250117_144355,SẠP THỊT - PHẠM VĂN LÂM,SẠP THỊT - PHẠM VĂN LÂM,Traditional Market,Phạm Thị Mai Chi,RETAIL,GROCERY,TRADITIONAL MARKET / GROCERY STORE / SPECIALTY STORE,MOBILE LOCATION,,13/02/2025,,,,Không có mặt bằng,,2
MOMOGOFU20250117,m4bgofu20250117_144239,CỬA HÀNG TIỆN LỢI CHÍNH THUỶ,CỬA HÀNG TIỆN LỢI CHÍNH THUỶ,Traditional Market,Phạm Thị Mai Chi,RETAIL,GROCERY,TRADITIONAL MARKET / GROCERY STORE / SPECIALTY STORE,FIXED LOCATION,,13/02/2025,,,,Có mặt bằng,,2
MOMOUNIK20250117,m4bunik20250117_144401,SẠP THỊT HẠNH ANH,SẠP THỊT HẠNH ANH,Traditional Market,Phạm Thị Mai Chi,RETAIL,GROCERY,TRADITIONAL MARKET / GROCERY STORE / SPECIALTY STORE,MOBILE LOCATION,,13/02/2025,,,,Không có mặt bằng,,2
MOMOA00020250117,m4ba00020250117_144064,ĐẠI LÝ TẠP HOÁ NGUYÊN HÙNG,ĐẠI LÝ TẠP HOÁ NGUYÊN HÙNG,Traditional Market,Phạm Thị Mai Chi,RETAIL,GROCERY,TRADITIONAL MARKET / GROCERY STORE / SPECIALTY STORE,FIXED LOCATION,,13/02/2025,,,,Có mặt bằng,,2